:020000040802F0
:1000000000C00120E9F80208E7F80208E5F8020854
:10001000E5F80208E5F80208E5F80208000000002B
:10002000000000000000000000000000E7F80208E7
:10003000E7F8020800000000E7F80208E7F8020805
:10004000E5F80208E5F80208E5F80208E5F8020814
:10005000E5F80208E5F80208E5F80208E5F8020804
:100060001D2C0208E5F80208E5F80208E5F8020888
:10007000E5F80208E5F80208E5F80208E5F80208E4
:10008000E5F80208E5F80208E5F80208E5F80208D4
:10009000E5F80208E5F80208E5F80208E5F80208C4
:1000A000E5F80208E5F80208E5F80208E5F80208B4
:1000B000950D0208E5F80208E5F80208E5F80208DF
:1000C000E5F80208E5F80208E5F80208E5F8020894
:1000D000E5F80208E5F80208E5F80208E5F8020884
:1000E0003D2C0208E5F80208E5F80208E5F80208E8
:1000F000E5F80208E5F80208E5F80208E5F8020864
:10010000E5F80208E5F80208A10D0208E5F8020882
:10011000E5F80208E5F80208E5F80208E5F8020843
:10012000E5F80208E5F80208E5F80208E5F8020833
:10013000E5F80208E5F80208E5F80208A19E0208C1
:10014000819E0208919E0208E5F80208E5F802087F
:10015000E5F80208E5F80208E5F80208E5F8020803
:10016000E5F80208E5F80208E5F80208E5F80208F3
:10017000E5F80208E5F80208E5F80208E5F80208E3
:10018000E5F80208E5F80208E5F80208E5F80208D3
:10019000E5F80208E5F80208E5F80208E5F80208C3
:1001A000E5F80208E5F80208E5F80208000000009A
:1001B0002DE9F04FB44FDFF834A33B68B34EB44C95
:1001C000B44DDFF82C832DED028B07EE903ADAED7B
:1001D000008AF7EE006AB8EEE77AC6EEA87A85B034
:1001E000B4EEE77AF1EE10FA40F33B81D4E9000176
:1001F00010F020FA98ED007AD5ED006A96ED008AAD
:1002000007EE900ABEEEE97A67EEA87A8DED007AE5
:10021000B0EE677AF0EE667ABEEEE97AFEEEE97A43
:10022000BEEEE98A17EE102A18EE103A17EE901A71
:10023000994802F04FFE00233B6003F041FF10B1EC
:10024000286803F035FFDFF8AC92DFF8ACB2934FCB
:1002500003F0B4FFD9F80030CBF80030904B914A4E
:100260001A60914A91491160386003F0A7FF03902A
:1002700003F0C0FF0246D8F8000001902868884BC0
:1002800000901B6803998A4806F04AF9894BD9F80F
:1002900000001A68884B196804F04EFDDBED007A07
:1002A000F5EEC07AF1EE10FA15DD99ED007A67EE01
:1002B000877AF5EEC07AF1EE10FA0CD5D4E9000198
:1002C00010F0B8F99AED007A7C4B07EE900A67EED1
:1002D000877AC3ED007AD7ED007AF5EEC07AF1EEB9
:1002E00010FA38DD03F06AFF97ED007A07EE900A06
:1002F00067EE877AF5EEC07AF1EE10FA2BD5D4E9E5
:10030000000110F097F99AED007A6D4B6D4A07EEF7
:10031000900A67EE877A93ED007AC3ED007A674B17
:10032000D3ED006A37EEC77A77EEE67A82ED007A8F
:10033000C7EE876AC3ED007A76EEA67A17EE900ACA
:100340000FF008FD4AA3D3E900230FF05BFD10F086
:1003500051F85D4B18605D4B5D4FD3ED008A97ED12
:10036000008AC8EE887A17EE900A0FF0F3FC42A3D9
:10037000D3E900230FF046FD8046DAF800008946F5
:100380000FF0E8FC02460B46404649460FF03AFDA6
:100390008046306889460FF0DDFC02460B46404639
:1003A00049460FF079FB10F025F8306018EE900AFE
:1003B0000FF0D0FC30A3D3E900230FF023FD8046DB
:1003C00018EE100A89460FF0C5FC02460B4640465F
:1003D00049460FF041FE2AA3D3E900230FF012FD96
:1003E00010F008F801465D2001F04CFBD5ED006AE5
:1003F0009FED387AC6EE877A9FED377A67EE877A77
:1004000097ED007AC7EE877A17EE900A0FF0A2FCFC
:1004100019A3D3E900230FF0F5FC0FF0EBFF014621
:100420005E2001F02FFB2D4A136847F22F518B42BB
:100430002B4918DC013313602A4BD1ED007A93ED80
:10044000007A77EE877AD4E90032013342F1000274
:10045000C4E90032C1ED007A05B0BDEC028BBDE805
:10046000F08F0133E8E60023DFED1F7A1360EAE73F
:10047000112D4454FB210940C3F5285C8FC2D53FA0
:10048000CDCCCCCCCCCC0C40F0160020101D0020E4
:10049000A81D002058120020100D0308E01C0020A9
:1004A000901D002000005743941D0020B842F842E0
:1004B000241700209012002094120020D81C002045
:1004C000CC1C0020D01C0020D41C00200C1D0020BF
:1004D0004412002000007A4400006145001D002005
:1004E000041D0020B01D002000000000601200204C
:1004F0005C12002098120020DC1C0020818800681B
:1005000008B50EF09EFC003818BF012008BD0000A1
:1005100010B54D4B2DED028B998818680EF094FCA8
:100520000EF0E8FC03F00AFB484B0446186801F0A3
:100530004CFA044407EE904AF8EEE77AB2EE047AF9
:10054000C7EE877A8E2017EE901A01F09BFA02F020
:1005500081F80146752001F087FA03F065FA01463B
:10056000662001F081FA3A4B197811F0FB0416D19C
:100570003848FFF7C3FF00285AD03748FFF7BEFFBF
:10058000002855D03548FFF7B9FF002850D0214644
:100590008A2001F069FA02218B2001F065FA0FF040
:1005A000F9F932280BD94D2001F040FA002841D04A
:1005B000852001F04FFA2A4B1A781043187008F082
:1005C0000EFB08F0CFFE274B6820196801F05AFA9D
:1005D000682001F033FA08EE100A01F0D5FE224B34
:1005E00007EE900A1B88F8EE677A07EE103A67EE7E
:1005F000887AB8EEC77AC7EE877A17EE900A0FF0BE
:10060000A9FB0FA3D3E900230FF026FD0FF0F2FEA4
:1006100001466D2001F036FA592001F007FA58B969
:10062000BDEC028B114BBDE81040186809F056BCB8
:100630000121ADE70120BEE7BDEC028B10BD00BF7C
:100640001B0DE02D90A0F63FD019002018190020B6
:100650001C190020181A0020301A0020101A00203F
:1006600004190020901D00205C1903080C190020BB
:100670002DE9F0412DED048B652082B001F0D6F913
:100680000446402001F0D2F9064609F0B7F8AB4B1A
:10069000AB4FD3ED008A0FF07DF903F091F96420A0
:1006A00001F066FF08F0D2FC08F034FB08F090FF80
:1006B000A44B93ED008A01F0B5FF0146732001F0D1
:1006C000D3F901F0A9FF01467D2001F0CDF9012CFD
:1006D0007ED13B6801330BD1DFED9B7A88EE277A20
:1006E000DFED9A7A67EE277A17EE900A0AF0F2FAAF
:1006F0009748FFF703FF002840F0B980954B1D781D
:10070000023D18BF01252D019348FFF7F7FE8046F3
:10071000782001F08BF902F0FFFD45EA80154F20AB
:1007200001F08CF907EE900A88F00108F4EEE87AFF
:100730005FFA88F8F1EE10FA45EA48158CBF0123FC
:100740000023ADB2192045EA830501F077F907EEE1
:10075000900AF4EEE87AF1EE10FA804B00F389800B
:100760001B7845F008010BB941F40071672001F0D6
:100770007BF9784B1B78032B40F04481002C40F030
:10078000CA8032233B6008F0A9FA002003F054FA33
:10079000734B4FF0FF321A60724A01231370724A92
:1007A000126882F87C300FF0F5F801468D2001F0D8
:1007B0005BF9592001F03AF9012840F058816B4B60
:1007C000186802B0BDEC048BBDE8F04109F086BBAF
:1007D000E31E012B8CD83B68013389D1412001F005
:1007E0002DF99FED5A9A624B019308EE100A7E2074
:1007F0008DED009A01F022F90546372001F01EF92F
:100800006A460146284602F089FF18EE901A01A8B0
:1008100002F0E4FF9DED017ADDED007A554BB1EE7B
:10082000477AB4EE677AF1EE10FA48BFF0EE477AF5
:1008300028EE278ACDED017AC8EE097A93ED007A89
:10084000F4EEC77AF1EE10FA0AD4F7EE006A37EE4A
:10085000267AF4EE477AF1EE10FA58BFF0EE477AB6
:1008600017EE900AC3ED007A03F0A8FA40E70025DE
:100870004AE71B782946002B3FF476AF002D7FF422
:1008800075AF872001F0E6F8E8B1882001F0E2F8C2
:10089000C8B18C2001F0DEF8A8B9022E13DD042EB9
:1008A0002CD1502001F0CAF807EE900AF4EEE87A55
:1008B000F1EE10FA24D8274B1B78052B35D1032CE9
:1008C0002BD1002135E0842001F0C4F8002853D159
:1008D000602001F0BFF800284ED1512001F0A6F8A9
:1008E00003280DD103F008F90146002844D154B97A
:1008F0004FF48071672001F0B7F842E7032EDAD099
:10090000002CF5D00021672001F0AEF8114B1B78C8
:10091000032B40F0A880264651E0042CD1D00020C3
:1009200003F04CFA304603F087F9002CC9D14FF49C
:100930008071672001F098F82AE000BF901D002028
:10094000F41600205812002000007A440000C8422B
:10095000181A00201C190020301A00200419002049
:10096000EC1B0020A4120020081900200C19002004
:100970000000C8C2F81600200021602001F074F8C1
:10098000002C3DD14FF48071672001F06DF80126F5
:10099000394B998818680EF04FFA384B99881868C7
:1009A0000EF04CFA3146652001F05EF803F030F8A5
:1009B000334B1B78032B02D0022E27DC01263B6829
:1009C00063BB304A1370304A1268002082F87C30D2
:1009D0000AF080F9002002F0B9FD01F095FD3046E3
:1009E00003F02AF9254B998818680EF027FA274B4F
:1009F000998818680EF022FA4FF0FF333B60D2E678
:100A00000021C1E7022C7FF7B9AE26468C2001F009
:100A100021F80028D3D0002165206CE70A2B1FD1D4
:100A20001B4802F0E8FA04461A4802F0E4FA0146CC
:100A3000204603F0A1F903F0C1FB08EE100A03F011
:100A4000D9FB07EE900AFDEEE77A17EE901AFDEE5D
:100A5000C87A17EE900A03F08FF93B68013BCDE7A7
:100A6000002BFBDC9FE6022C7FF755AFCDE702B0F1
:100A7000BDEC048BBDE8F081F0190020C8190020FE
:100A80001C190020A412002008190020D8190020E9
:100A9000A41A0020A01A00203A2870B535D82928B9
:100AA00037D9994B2A38C0B2C340DB0731D539203A
:100AB00000F0C4FF954B964C18603A2000F0BEFF42
:100AC000944B1860342000F0B9FF2060332000F010
:100AD000B5FF914B1B682360904B1A68904B2A20FE
:100AE0001A6000F0ABFF8F4B186070BD0A2810D859
:100AF000DFE810F0E6000F00F3000F000F000F001A
:100B00000F000F000F00D800DF005838C3B20A2BC7
:100B1000ECD9142000F084FF03F0E2F8082000F084
:100B200085FF0446092000F081FF7F4B94FBF0F421
:100B30000B201C6000F07AFFC0B202F057F80D20C5
:100B400000F074FF80B201F071FF0A2000F06EFF28
:100B500080B201F007FD1C2000F068FF734D744C5B
:100B600028601D2000F062FF20601E2000F05EFF64
:100B700068601F2000F05AFF6060292000F05EFFCF
:100B80006C4B1860272000F059FF6B4B1860282031
:100B900000F054FF694B18602D2000F04FFF684BA8
:100BA00018602A2000F04AFF5E4B18602B2000F0EE
:100BB00045FF644B1860392000F040FF534B18602C
:100BC0003A2000F03BFF534B1860472000F02EFF07
:100BD0005D4B18604A2000F031FF5C4B18604B20E1
:100BE00000F02CFF5A4B18604C2000F01FFF594BAF
:100BF0001860482000F022FF574B18604E2000F08C
:100C00001DFF564B1860302000F010FF544B186049
:100C10002F2000F00BFF534B1860312000F00EFF27
:100C20009FED517A514B07EE900A67EE877A32209A
:100C3000C3ED007A00F002FF9FED4D7A4D4B07EEB9
:100C4000900A67EE877A3420C3ED007A00F0F6FE52
:100C50002F4B1860332000F0F1FE314B1860352027
:100C600000F0ECFE444B18603C2000F0DFFE434BEC
:100C700018603B2000F0DAFE414B1860414B1B78B6
:100C8000042B3FF432AF552000F0D0FE03284FF480
:100C900000734FF000022BD1BDE870403A480121AB
:100CA0000EF0DBB8612000F0BBFEBDE8704002F042
:100CB0002FBF622000F0B4FEBDE8704002F022BFFA
:100CC000324B1C68236858201D6800F0AFFE2B468D
:100CD000C1B22046BDE8704018472D4B5A201C6811
:100CE00000F0A4FEC1B22046BDE8704009F00CBE81
:100CF000254802210EF0B1F8BDE8704022484FF4BB
:100D0000007202210EF0C9B801860100D01B00203C
:100D1000AC1B0020CC1B0020701200206C120020A5
:100D2000A81B0020F81B0020601C00200C1C0020C9
:100D3000041C0020001C0020FC1B0020C81B0020FD
:100D4000941B0020F41B0020F01B0020E41B00205B
:100D5000E81B0020E01B0020D81B0020D41B002033
:100D6000B81B0020BC1B0020A4707D3FB41B0020DA
:100D7000AE47813FB01B0020A41B0020981B002021
:100D80009C1B00201C1900200004024010190020A8
:100D900008190020014B186800F0EABD181900205E
:100DA000014B186801F0F0B914190020FEE70000AB
:100DB00080B5ADF5026D00F027F900F065FC00F09C
:100DC0009FF9704E704C307000F072FC00F02AFCFD
:100DD00002F046FA012002F0F3FD122000F03AFE84
:100DE00000F08CFB0146812000F03EFE674B188826
:100DF00001F084FB4FF40061084602F0BDFF337838
:100E00006349042B02AF18BF4FF08041384600F011
:100E100059FD0DF130085F4B5F491F60404601F0FE
:100E200053F95E4B5820C3F8008000F0FFFDC1ADC0
:100E300000230DF5AC69C2B25949284608F0A6FF57
:100E40000DF1580A01222946484609F083FC4A461A
:100E50002946504609F03CFD524BC4F80090DFF89B
:100E600064911D602846C9F800A007F093FE4E4B20
:100E700022681A604D496422384600F043FD4C490F
:100E80000A22384600F03EFD00224A49404601F061
:100E900049F9494B998818680DF0CEFF0023474A5D
:100EA000474936A800F0BCFE337813B936A800F0E5
:100EB00088FF0421632000F0D7FD3178642000F022
:100EC000D3FD64217A2000F0CFFD102000F0AEFDAC
:100ED0000B2807DC102000F0A9FD00F10A0110200A
:100EE00000F0C2FD2A2000F09BFD002806DD2A202C
:100EF00000F096FD41422A2000F07AFD1D2000F00E
:100F0000F1FD05691D2000F08BFD854203DA2946BD
:100F10001D2000F0B1FD2068782109F07EF82068DE
:100F2000792109F07AF82068822109F076F82068A2
:100F3000742109F072F87A21206809F06EF88F2088
:100F4000FFF7AAFD5A20FFF7A7FD522000F082FD0F
:100F50000446122000F07EFD0146204600F00CFB06
:100F60004FF0000436A88DF8074000F0C3FFD9F811
:100F700000004369002BF5D10DF10701043007F0A3
:100F80000DFBEFE71C1900200C1900205C19030869
:100F90000008004018190020000C0040141900201F
:100FA0000064004010190020381E002011050208BE
:100FB00071060208B1010208D8190020D8180308E8
:100FC000004800400819002008B5054804F0ECFE70
:100FD000044804F013FDBDE80840034804F0E2BAF9
:100FE0002417002000170020FC16002008B5044834
:100FF00004F0B0FCBDE80840024806F0D5BF00BFD1
:10100000FC1600202417002008B523480EF0BAF87B
:101010004FF0E023214AC3F80C2D4FF4C0600DF0CF
:1010200071FF40F201600DF06DFF40F202600DF0C3
:1010300069FF40F203600DF065FF40F612000DF00D
:1010400061FF4FF408600DF05DFF4FF400600DF09C
:1010500059FF40F601000DF055FF40F602000DF07B
:1010600051FF40F603000DF04DFF40F215600DF00A
:1010700049FF40F688000DF045FF40F20C600DF08E
:1010800041FF40F619000DF03DFFBDE8084040F675
:101090008C000DF037BF00BFA83303080003FA052A
:1010A00073B5154D154E00244FF4006322462021E0
:1010B000CDE90034284623460EF0F0F828460EF01D
:1010C000DFF828460EF0E5F82823224630460221B4
:1010D0000DF0C3FE3046282205210DF0DEFE30461D
:1010E0001023224621460DF0B8FE284602B0BDE886
:1010F00070400EF0B9B800BF00300140000402405B
:1011000038B5684D68496948002401222C7001F007
:10111000B3FF65496648224601F0AEFF6249654863
:10112000032201F0A9FF60496348022201F0A4FFF5
:101130005D496248042201F09FFF61496148032232
:1011400001F09AFF5E496048052201F095FF5F4972
:101150005F48224601F090FF5C495E48022320224E
:1011600001F0F8F859495C480223402201F0F2F8F6
:1011700053495A480223042201F0ECF850495848D8
:101180000123082201F0E6F84D49564802231022B7
:1011900001F0E0F8444954480223402201F0DAF813
:1011A000414952480223802201F0D4F8474950486F
:1011B00002234FF4805201F0CDF83B494D482346BD
:1011C0004FF4807201F0C6F802231A463C494A489F
:1011D00001F0C0F83449494802234FF4007201F08D
:1011E000B9F83149464804234FF4005201F0B2F8EF
:1011F000334944480423012201F0ACF82A4942480B
:1012000004234FF4006201F0A5F830493F4804235D
:10121000022201F09FF824493D4804234FF48052F4
:1012200001F098F820493B4804234FF4806201F014
:1012300091F81D49384804234FF4806201F08AF880
:101240002249364804234FF4007201F083F8042346
:1012500015493348202201F07DF82B78052B09D859
:10126000DFE803F003080813600C1549184806224C
:1012700001F002FF01F04EFE287838BD0A491B48F4
:101280000123802201F066F8F4E707491948042396
:101290004FF4807201F05EF80C491E4802234FF4AF
:1012A0000072EFE71C19002000080240BC1A002061
:1012B000B81A0020B41A0020B01A0020AC1A00207E
:1012C00000000240A81A0020A41A002000040240D6
:1012D000A01A0020481A0020401A0020381A0020C6
:1012E000301A0020281A0020201A0020181A002086
:1012F000101A0020081A0020001A0020F8190020F7
:10130000F0190020E8190020E0190020D819002069
:10131000D0190020C8190020C0190020B8190020D9
:10132000B019002055495648002201F0A5FE534946
:101330005448012201F0A0FE50495348022201F016
:101340009BFE4E495148032201F096FE4B495048FE
:10135000042201F091FE4F494F48012201F08CFE1A
:1013600046494E48052201F087FE4A494C48002272
:1013700001F082FE47494B4802234FF4007200F00F
:10138000E9FF4449484802234FF4807200F0E2FF2D
:10139000404946480223802200F0DCFF3D49444892
:1013A0000223402200F0D6FF3A494248022320227D
:1013B00000F0D0FF02231A4636493F4800F0CAFF2A
:1013C00002231A4633493D4800F0C4FF31493C48E6
:1013D00001234FF4805200F0BDFF3A493A480223FE
:1013E0004FF4004200F0B6FF3649384802234FF46C
:1013F000004200F0AFFF3349354802234FF400426A
:1014000000F0A8FF3349344804234FF4004200F0B1
:10141000A1FF1A4931480423012200F09BFF29490A
:101420002F4804234FF4804200F094FF19492D48BF
:101430000423102200F08EFF26492B4804234FF48A
:10144000005200F087FF1F49284804234FF48042D0
:1014500000F080FF1B49264804234FF4804200F02F
:1014600079FF1849234804234FF4804200F072FFAB
:101470001449214804234FF4804203E7000002404E
:10148000BC1A0020B81A0020B41A0020B01A00209C
:10149000AC1A002000040240A81A0020A41A002060
:1014A000A01A0020381A0020201A0020281A002034
:1014B000401A0020481A0020301A0020181A002074
:1014C000101A0020000C0240081A0020001A002008
:1014D000F819002000080240F0190020E819002047
:1014E000E0190020D8190020D0190020C8190020C8
:1014F000C0190020B8190020B019002038B54FF4E9
:10150000E06105461A480DF09CFC4FF4604104462A
:1015100018480DF096FC0443A4B24FF4E0636DB19B
:101520000022114612480DF098FC002211484FF499
:10153000604311460DF091FC204638BD2A460C4808
:1015400002210DF08AFC0A484FF4E06201210DF0FF
:10155000A4FC2A4607484FF4604302210DF07DFCAD
:1015600004484FF4604201210DF097FCE4E700BF0E
:10157000000002400004024070B596B005460C46DB
:101580000DF052FA224E00210644142201A800F068
:10159000DAFE0122ADF80A208DF812201D4A1E4BFA
:1015A00012780193042AA3F580630BBF4FF4004126
:1015B0004FF4005110220222B60203938DF813500B
:1015C000ADF80810ADF810203CB91449144A07933F
:1015D000CDE905124FF4F03308930DF009FA142108
:1015E00001A80DF013FA1590336D83420DD00DF064
:1015F000A7FB01AC0025701954F8041B04350DF04D
:10160000C7FB542DF7D10DF0A9FB16B070BD00BF7C
:10161000FDFF41001C1900200008024000000240AC
:101620000007010008B519200EF0D8F90021192093
:101630000EF0E0F918200EF0D1F9002118200EF07C
:10164000D9F908200EF0CAF9002108200EF0D2F9CD
:101650000C4B1B78042B08D11E200EF0BFF9E021A3
:101660001E20BDE808400EF0C5B932200EF0B6F9D4
:10167000102132200EF0BEF91C200EF0AFF9E0214F
:101680001C20EEE71C19002008B504200EF088F994
:10169000064B18686423B0FBF3F001380EF074F9C0
:1016A0000EF08FF9BDE808400EF084B9BC1200209E
:1016B00038B5804C804D2378042B14BF28464FF05A
:1016C00080400DF034FE2378042B14BF28464FF0E1
:1016D000804000210DF012FE2378042B14BF284611
:1016E0004FF080400DF005FE2378042B14BF2846F0
:1016F0004FF08040062200210DF029FE2378042BB4
:1017000014BF28464FF08040062202210DF01FFE34
:101710002378042B14BF28464FF080400622042172
:101720000DF015FE23780622042B14BF28464FF037
:10173000804011460DF00BFE2378042B14BF284681
:101740004FF0804000210DF0C8FE2378042B14BF19
:1017500028464FF0804002210DF0BFFE2378042B75
:1017600014BF28464FF0804004210DF0B6FE2378C8
:10177000042B14BF28464FF0804006210DF0ADFE2B
:101780002378042B14BF28464FF0804000210DF031
:10179000BEFE2378042B14BF28464FF08040022160
:1017A0000DF0B5FE2378042B14BF28464FF080407F
:1017B00004210DF0ACFE2378042B14BF28464FF013
:1017C000804006210DF0A3FE2378042B14BF284689
:1017D0004FF0804000210DF0E4FE2378042B14BF6D
:1017E00028464FF0804002210DF0DBFE2378042BC9
:1017F00014BF28464FF0804004210DF0D2FE23781C
:10180000042B14BF28464FF0804006210DF0C9FE7E
:101810002378042B14BF28464FF0804001210DF09F
:101820006DFF2378042B14BF28464FF08040002121
:101830000DF087FD2378052B29D14FF40051284660
:101840000DF083FD23781C48042B08BF4FF0804027
:101850000DF068FD2378042B21D14FF40043174885
:10186000002202210DF0F9FA14484FF4004202213F
:101870000DF013FB00221248082302210DF0EDFAAF
:101880000822BDE838400E4802210DF006BB042BAB
:101890004FF4805114BF28464FF08040D0E700221B
:1018A00007484FF4607302210DF0D7FA4FF46072CD
:1018B000E7E700BF1C1900200008004000000240BC
:1018C0000004024038B50C460546016208460DF09A
:1018D00010FD20460DF01CFD094B2046196847F20B
:1018E0003053B1FBF3F101390DF02BFD20464FF6DB
:1018F000FF710DF02AFD00236B62284638BD00BF42
:10190000B8120020F8B5436A032B04460E4615466C
:101910002ADC006A154F0DF00AFD636A206AF95C43
:1019200001220DF014FD05EB8505636A206A44F879
:10193000236005EB850503F10801AA0092B224F8A3
:101940001120F95C0DF09CFE636A206A0221994027
:101950000DF0B8FC206A00210DF0D6FE206A0DF0D3
:10196000E1FC636A01336362F8BD00BF330D030815
:101970002DE9F041044600F1100600250227D4E9C4
:101980000803AB4204DCBDE8F0411E210DF0A4BC0D
:1019900007FA05F10DF09AFCA0B1206A0DF0B2FE35
:1019A000236A32883433804653F825100A4443F8BA
:1019B000252054F825309847206A0DF0A3FEA0EBAF
:1019C0000800308101350236D9E7002170B500F1F9
:1019D0000E03446A0A2508468C4200DC70BD5A8911
:1019E00033F8026F6A430131B2FBF6F21044F3E7B9
:1019F000094A10B51C2404FB0022D4688C4209DC7F
:101A000012698A4206DB054A42F82010FFF744F8C3
:101A1000002010BDFF20FCE7440200200800002049
:101A2000014B53F82000704708000020024B53F888
:101A300020004013704700BF08000020044B53F8FB
:101A4000200007EE900AFAEEE97A17EE900A704746
:101A500008000020034B53F820004013431E584257
:101A60005841704708000020024B490343F82010FA
:101A7000704700BF08000020014B43F8201070475A
:101A80000800002007EE901AFEEEE97A024B17EEEE
:101A9000902A43F8202070470800002070B5084DB8
:101AA000064600246868314600F0ACFB08B9E0B295
:101AB00070BD01348F2C05F11C05F3D19020F7E7A0
:101AC00044020020064A0023118B814201D1D8B282
:101AD000704701338F2B02F11C02F5D19020704723
:101AE00044020020024B1C2202FB0030704700BF62
:101AF00044020020064A07490023108B10B15069A8
:101B000041F8230001338F2B02F11C02F5D17047FD
:101B10004402002008000020014B1954704700BF08
:101B20001D190020024B1A5C11431954704700BF65
:101B30001D190020024A135C23EA01031354704765
:101B40001D190020014B185C704700BF1D190020B3
:101B5000024B1C2202FB0033987E70474402002097
:101B600000487047587B0100024B1A68024BC3F8CB
:101B7000302B7047141200204402002010B5044698
:101B8000A37D23B9A068BDE810400DF07FBE94F896
:101B90002030626ADB01234413440A2983F8A91028
:101BA00001D07F2A38D163682022197A58680CF056
:101BB00078FF18B994F82830002BF4D06368197AAC
:101BC00058680CF0CDFF626A63680132197A586870
:101BD00092B20CF0EAFF94F82020636804EBC21282
:101BE000197A5868A9320CF0CCFF63682022197A60
:101BF00058680CF047FF6368197A58680CF0A7FF23
:101C000094F82030B3FA83F35B0984F82030002382
:101C100084F82830636210BD01326262FBE7000085
:101C200070B50D4611461A465F4B036040F2011332
:101C300083820023C0E90633016180F8203001214E
:101C400043625A4B817580F8281004468560027300
:101C50004360032163681868A8420CD1544B606844
:101C60001C606AB9838A006902210DF0F6F8636886
:101C700018699A8A0DE0203301396360EAD1EDE7F3
:101C8000838B8069002202210DF0E7F86368986970
:101C90009A8B07210DF001F928464FF4E1310DF040
:101CA000B9FD284608210DF0CBFD284600210DF096
:101CB000D0FD28460C210DF0D8FD284600210DF05E
:101CC000CEFD002128460DF0D6FD28460DF0E9FD99
:101CD00028460DF0EBFD6368197A58680CF0ACFEED
:101CE00063684022197A58680CF0EFFE63682E1D75
:101CF000197A586832460CF03CFF63680022197A62
:101D000058680CF0FEFE63680022197A58680CF0DF
:101D1000ECFE6368197A58680CF0FFFE6368DA68B5
:101D2000197A58680CF00BFF6368597A58680CF000
:101D300083FE63680022597A58680CF0C6FE636817
:101D40003246597A58680CF014FF63680022597AB9
:101D500058680CF0D6FE63680022597A58680CF077
:101D6000C4FE6368597A58680CF0D7FE6368DA6875
:101D7000597A58680CF0E3FE636804F12902597A35
:101D800058680CF0FEFE63688022597A58680CF09F
:101D90000CFF63685868597A0CF0D9FE28460DF09C
:101DA00070FD204670BD00BFE4170308E817030864
:101DB000AC190020806820210DF08EBD80680DF0E8
:101DC00083BD10B50023837543680446197A5868AB
:101DD0000CF0C6FEA068BDE810400DF06CBD10B55B
:101DE00043680446597A58680CF0BAFE636880224A
:101DF000597A58680CF0D9FE63682022597A5868DD
:101E00000CF040FE6368BDE81040597A58680CF049
:101E10009EBE38B5437D04690D461BB9002420469B
:101E200038BD0834216821B1284600F0EBF90028BC
:101E3000F7D12368002BF2D1F0E738B505464C1EE8
:101E400014F8011F01B938BDA8680DF01FFDF7E7B0
:101E500010B50446084600F03FFA00F024FA237D4E
:101E6000227B8342636811D1012161755AB198695F
:101E70009B8B012100220CF0F0FF20460A49BDE8AF
:101E80001040FFF7DABF18699B8AF2E700216175FD
:101E90003AB198699B8B0022BDE8104011460CF0C6
:101EA000DCBF18699B8AF6E7CA2B030838B50446DD
:101EB000084600F011FA0378302B637D14BF4FF40D
:101EC00061254FF4E1353BB108492046FFF7B5FFE6
:101ED00007492046FFF7B1FFA06829460DF09AFC9C
:101EE000A0680021BDE838400DF0B3BCCA2B030840
:101EF000951703082DE9F04143680446597A58685C
:101F00000CF04CFE0546C0F1800610B92046FFF7E4
:101F100066FFE369B34245DB002E7EDD651B95F865
:101F2000A8300A2B01D00D2B6BD1A319002204F18C
:101F3000290783F829202021E261384600F080F942
:101F400090F800800546B8F1000F34D10A213846D8
:101F500000F076F984F8A98105462B7823B90D2184
:101F6000384600F06DF9054600232B702C49A3611B
:101F7000384600F047F920BB04F2A9112046FFF7CC
:101F800067FF2046FFF72BFFA369002B45D0A06811
:101F90000DF09EFCA36904F2A91120465B68BDE820
:101FA000F04118475A1C2344E26193F82910A068B5
:101FB0000DF06CFCADE7411C04F2A91000F030F903
:101FC000CBE71849384600F01DF928B904F2A911E9
:101FD0002046FFF76BFFD4E739462046FFF719FF8D
:101FE000A0612046FFF7FBFEA369002BCFD1012E95
:101FF00013D0637D8BB120460B49BDE8F041FFF75C
:102000001CBF94F82930212B07D1A3692BB120469E
:10201000FFF7E5FE0023E361BCE7BDE8F08100BF08
:10202000AC170308B7170308C0170308034B1B6856
:102030001A68C1B212681846104700BFAC190020D8
:1020400001F00EBD044B0548D3F8181AD3F8142A32
:10205000D3F8103A00F03EBF0070FF1F4818030885
:1020600008B565200021FFF7FFFCBDE808400148E6
:1020700000F030BF5318030808B5FFF73BFDBDE87B
:102080000840014800F026BF6618030806F086BA2B
:1020900010B5084600F020F900F005F906280446BE
:1020A0000BDC01466520FFF7DFFC601301F0C4FD87
:1020B0000348BDE8104000F00DBF0248F9E700BF3B
:1020C000781803088B18030838B50D4604460162DA
:1020D00008460DF00EF928460E4D0DF019F9284668
:1020E00000210DF02EF90C4BDFED0C7A93ED007A08
:1020F0000B4BB8EE477AD3ED006AE7EE267A284616
:10210000FCEEE77A17EE901A0DF01FF900236362D8
:10211000204638BD000C0040B8120020000000002E
:1021200060120020F8B5436A032B04460E4615469C
:1021300025DC1348134F0DF0FAF8636A1048F95C78
:1021400001220DF004F9636A0D48F95C00220DF0DC
:1021500097FA636A0A4844F8236003F108020221EF
:10216000994024F812500DF0ADF8054800210DF00B
:10217000CBFA03480DF0D6F8636A01336362F8BD09
:10218000000C0040501903082DE9F047DFF870906B
:10219000054600F1100600244FF002086B6AA342C6
:1021A00008FA04F70ADC394648460DF095F8013480
:1021B000042C06F10206F1D1BDE8F087104839463B
:1021C0000DF084F8C0B10E480DF09CFAA30003F1A5
:1021D00080433188D3F8342C0A44C3F8342C55F8A2
:1021E00024308246984706480DF08CFAA0EB0A008E
:1021F000308139460248D8E76B6AA342D7DCD2E780
:10220000000C0040431E013913F8010F11F8012F93
:1022100010B10AB19042F7D0801A18BF0120704760
:10222000013911F8013F0BB90370704700F8013B09
:10223000F7E7034600201A5C02B970470130FAE75D
:102240000346184613F8012B0AB18A42F9D17047A8
:10225000002970B518DA2D2300F8013B494201240A
:10226000034691FBF2F602FB161130311970311E54
:102270001D4603F10103F4DC00221A700246954268
:102280000AD8241A181904E004D1302303704170CD
:10229000012070BD0024E3E711782E7802F8016B6D
:1022A00005F80119EBE730B503782D2B11D101307A
:1022B0004FF0FF34431E00210A2501E005FB0121F8
:1022C00013F8012F303AD0B20928F7D904FB01F0F6
:1022D00030BD0124EEE7000010B5144C0278A2F1E5
:1022E0000A03DBB2162B014600F1010018D9AAB18E
:1022F0000846FFF79EFF0D4C013808448142024614
:102300000AD213780A3BDBB2162B00F1FF3003D858
:1023100044FA03F3DB07F1D500235370084610BDE0
:1023200044FA03F3DA07D9D5E2E700BFF6FFBFFFAF
:1023300010B50023934200D110BD51F8234040F85E
:1023400023400133F6E7013A00D2704740F8041BFE
:10235000F9E7000030B4044608462160A2805C1E04
:10236000E4B2032C9EBF064B195D064B15468ABF8F
:1023700000211A5D02222B4630BC0CF06EBD00BF5E
:102380005819030854190308014B1868704700BF17
:10239000541A0020024B4FF400421A80704700BFCD
:1023A000501A002070B50C1E05464FF064031EDA6B
:1023B000644261130646C4F30C045C432D2306F803
:1023C000013B64130A223046FFF742FF092C06EB5B
:1023D00000034FF02E0232549BBF30225A70581C1B
:1023E000981C0A222146FFF733FF284670BD61136F
:1023F000C4F30C045C4364130646E3E7F0B50378CA
:102400002D2B17D101304FF0FF3600244FF00A0C6E
:1024100002E00CFB04541846034613F8012BA2F10A
:102420003005EFB2092FF4D9AAB98C40144406FB49
:1024300004F0F0BD0126E8E78B4003EB650393FB56
:10244000F5F30CFB05F51A4410F8013F303BDFB201
:10245000092FF1D9E9E70A250022AC46F4E7B0F5E7
:102460007A7F034634BF0420082023FA00F0B0F539
:10247000005F70B538BF4FF40050DE0C5C030546BA
:1024800002460023204631460EF014FB2B18A5EB24
:102490005305012D4FEA5300F1D870BD0A4B18685F
:1024A0000A4B1B68C01A0A4B10B5C0F38C1140F3DD
:1024B00080441A688006002341EA44310EF0FAFA9B
:1024C000044B186010BD00BF581A0020601A00208D
:1024D000E81100205C1A0020014B1860FFF7DEBFF6
:1024E000601A002007EE900A034BFEEEE97AC3ED76
:1024F000007AFFF7D3BF00BFE8110020014B18603E
:10250000FFF7CCBF581A00200D4B0E4901221A705C
:102510000D4A4FF6FF73136000220A600B490A60F0
:102520000B490A600B490A600B4A4FF47A6111604B
:102530000A4A138053809380D3801381704700BF71
:10254000EF110020701A00208C1A00206C1A002055
:10255000801A0020641A0020681A0020921A0020B5
:1025600070470000014B1880704700BFEC1100203D
:1025700030B51A491A4C0B6822681A442260194A6D
:102580001278541E012C08D8584348BF0730164B08
:10259000C010186000230B6030BD033A022AFBD83C
:1025A000124A114C1268AAB983EAE372A2EBE372F1
:1025B00040F21C75AA420DDD504348BF0730002B86
:1025C0000B4B4FEAE000D4BF4FF0FF3201222060F6
:1025D0001A60DFE700232360DCE700BF781A0020E1
:1025E000741A0020EE110020801A0020681A0020C2
:1025F000641A0020014B1868704700BF801A002041
:10260000014B00221A607047741A0020014B1868B1
:10261000704700BF741A0020014B1868704700BF54
:10262000641A0020094B10B51C683C235C43084B1E
:102630001B78043B012B4FEA543404D80920FFF7E0
:10264000F5F994FBF0F4204610BD00BF801A00207D
:10265000EE110020014B1868704700BF841A00205B
:10266000844B1B883C2B70B5834D844C40F2D38047
:102670007D2B40F2D280B3F5005F03D8804B2B60F6
:102680001B68236040F201400CF049FC23687D4840
:102690007D49B1FBF3F101390CF053FE4FF6FF71A8
:1026A00078487A4C0CF051FE76480CF031FE7548B3
:1026B00004210DF09FF8734801210DF092F826785F
:1026C000002E40F0AC806F4870210DF09BF82B6815
:1026D0006C4819790DF07CF86D480123324631467B
:1026E0000CF0BBFB21782B6866485A79694DB1FA2A
:1026F00081F1490949000DF009F821786148B1FAE2
:1027000081F10122490991400DF028F821785D48B6
:10271000B1FA81F1490989000CF01EFF217859486E
:10272000B1FA81F1490949000DF04BF82378554879
:10273000002B14BF4FF400714FF400610CF0C2FD88
:1027400050480CF0F9FD01214E480CF0D7FF4D48E0
:102750000CF0E8FD23785048042B4FF000021ABF1C
:10276000284604234FF4804311460CF076FB23786F
:10277000042B14BF04204FF480400CF04FFA237850
:10278000002B55D1454810210CF0EAF92378002B95
:1027900051D1434A414810210CF0EBF92378414ACA
:1027A000002B4CD13D4810210CF0EBF923784FF46D
:1027B0000062002B46D1394810210CF0A2F9237891
:1027C0004FF40062002B40D1344810210CF08DF9F9
:1027D00023780522002B3BD1304810210CF0E5F97D
:1027E0002378002B37D12D4810210CF096F923784F
:1027F000002B33D1294810210CF098F9247884BBA0
:10280000264821460CF0A3F9244801222146BDE8C0
:1028100070400CF094B9244B31E7244B2FE7194852
:1028200050210CF0EFFF00222148C023114657E74A
:1028300020488821A8E7204A1E488821ACE71D4887
:102840008821B1E71B488821B7E71A488821BDE7EE
:1028500018488821C2E717488821C6E7154888210B
:10286000CAE7144805210CF072F91248012205212B
:10287000CDE700BF901A0020F01100209C1A002024
:10288000781903080004004000A24A041C19002023
:1028900000040240000C02400008024000640240B4
:1028A0003C040040921A00206819030870190308BC
:1028B00000000240006002403404004010B5154C96
:1028C00040F201400CF02BFB2378042B14BF0420B2
:1028D0004FF480400CF0A2F923780F4C0F48042BE2
:1028E00016BF04234FF480432046002201210CF040
:1028F000B4FA0B488023002201210CF0AEFA00222A
:102900004023114606480CF0A8FA064B01221A7023
:1029100010BD00BF1C190020000C0240000802403E
:10292000000002407C1A002010B540F201400CF07B
:10293000F6FA364B36481988364C890001390CF0C6
:1029400004FD354B1B78022B237856D1042B334BD7
:10295000334912BF04204FF4804019460CF074F93B
:102960002378042B14BF04204FF4804000210CF086
:1029700023F92378042B14BF04204FF480400CF07B
:102980003FF9234803210CF035FF214801220021A3
:102990000CF0E4FE1E48022201210CF0DFFE1C4870
:1029A0000F2200210CF0B2FE0F22194801210CF079
:1029B000ADFE174800210CF004FF012114480CF073
:1029C00000FF13480CF0AEFC2378144C1448042B81
:1029D0004FF000020CBF4FF480430423114608BFA0
:1029E00020460CF03AFA0022C02311460D480CF0A4
:1029F00034FA0D4B00221A7010BD042B14BF0420B2
:102A00004FF480400CF00AF9BBE700BF901A002099
:102A1000000400401C190020EE11002000080240B4
:102A2000000C0240000002407C1A00200C4B1A8867
:102A3000824210B513D00B4A0B4C18804FF48033F0
:102A4000B3FBF0F3136023780BB9FFF709FE23788B
:102A5000013B012B03D8BDE81040FFF765BF10BD57
:102A6000901A0020881A0020EE11002037B5554B2F
:102A700055481A88ADF804209B788DF8063001AAD5
:102A800003210BF037FD5048504C00224FF47021C9
:102A90000BF070FD4C48002206210BF081FD4A48E6
:102AA000002207210BF07CFD4948C02300220321AE
:102AB0000CF0D3F92378042B14BF04204FF480408A
:102AC0000CF0ACF8434B1B78042B6FD140F2014063
:102AD0000CF025FA404847210CF033FC4FF6FF710B
:102AE0003D480CF032FC3C480CF017FC07223A48F9
:102AF00006210CF02CFC062137480CF052FD36481C
:102B00000CF0F7FB34480CF003FC334801210CF0C7
:102B1000F5FD2378314C3248042B1ABF204604239C
:102B20004FF48043002201210CF097F9264800223F
:102B300002210BF0F2FC2448002203210BF0EDFCF3
:102B400021480BF003FDA4F56C4420460BF089FCF2
:102B50000028FAD002211C480BF087FC032105460F
:102B600019480BF082FC2A460446022116480BF055
:102B7000D4FC1548224603210BF0CFFCA5F5C06517
:102B8000114800224FF4A0210BF0F4FCB5F5806F42
:102B900004D8A4F5C064B4F5806F02D9102000F009
:102BA00015FF104B01221A7003B030BD0E4C0648C1
:102BB000228802210BF0B1FC2288034803210BF08C
:102BC000ACFCEEE764190308002001401C1900204A
:102BD00000000240EE11002000040040000C024002
:102BE000000802407C1A0020EC1100200A4B1A78E1
:102BF00082420FD0187005280CD8DFE800F00503DA
:102C000003070909FFF790BEFFF72ABDFFF756BE7D
:102C1000FFF72CBF704700BFEE11002008B504205D
:102C20000CF00CF8034800210CF06EFD024B012261
:102C30001A7008BD000400407C1A002008B54FF44B
:102C400080400BF0FBFF044800210CF05DFD034BBE
:102C500001221A7008BD00BF000400407C1A002049
:102C6000024B1B681A68024B1A607047F011002073
:102C70009C1A00202DE9F047141E05460F4616DC6D
:102C80004FF02008DB0720D50026B94626E00132A8
:102C9000B95C0029FBD1A242B4BFA41A0C4613F0C0
:102CA000020F0CBF4FF020084FF03008EAE7002277
:102CB000EEE72B6849461B6828469847013E002EE0
:102CC000F7DC24EAE476A41BDFE726465FFA88F9FE
:102CD000F5E72B6828461B689847D146CA461AF87C
:102CE000011B0029F5D1A2465FFA88F8BAF1000F5E
:102CF00006DCF01B4844002CA8BF0019BDE8F08793
:102D00002B6841461B68284698470AF1FF3AEDE7D1
:102D10002DE9FF470746DDE90C8A15461C4651B9E7
:102D20003023ADF804304246534601A9FFF7A2FF15
:102D300004B0BDE8F08723B10A2A2DD100292BDA8F
:102D400049420E9A00238DF80F303A3A0DF10F03E5
:102D5000B1FBF5F005FB1016092E88BFB61830360A
:102D60008D4203F1FF3903F8016C17D964B1B8F152
:102D7000000F16D01AF0020F13D03B682D211B68EC
:102D80003846984708F1FF38534642464946384688
:102D9000FFF770FF2044CBE70024D2E701464B4603
:102DA000D6E72D2209F8012C0024A3F10209EBE754
:102DB0000846FFF73BB900002DE9F04107468AB00D
:102DC0000E46144600254FF00A0833781BB92846F2
:102DD0000AB0BDE8F081252B72D17378002BF6D0B4
:102DE000252B06F101026AD02D2B06BFB21C012350
:102DF0000023164612F8011B302916D00022304657
:102E000010F8011BA1F1300C5FFA8CFEBEF1090F26
:102E10000ED9732910D121682D480434002908BF28
:102E200001463846FFF726FF21E043F00203E0E7C2
:102E300008FB02C20646E2E766292CD007D86329C0
:102E400034D0642915D058291BD00136BDE7752927
:102E50001AD07829F9D121466120CDE901300092BC
:102E600000231022096838460434FFF751FF054457
:102E7000EBE76120CDE901302146009201230A22CF
:102E8000F0E721464120E8E76120CDE90130214605
:102E900000920023F3E7216807A8CDE90423043456
:102EA000FFF780FADDE9042307A9BAE721688DF866
:102EB000181000218DF81910043406A9B1E7164640
:102EC0003B6831781B68384698470135BDE700BF3D
:102ED000801903080FB407B504AA064B52F8041B67
:102EE0006846CDE90032FFF767FF03B05DF804EBF9
:102EF00004B07047901903080EB403B503AA52F842
:102F0000041B0192FFF758FF02B05DF804EB03B019
:102F10007047000038B52B4C2B4D20460BF092FA31
:102F200020460BF094FA20460BF0B1FA012120461E
:102F30000BF050FB20460BF018FB20460BF021FB5A
:102F400020460BF089FA214A082120460BF0A4FA0A
:102F500020460BF005FB0022114628460BF0B5FD7C
:102F600028461B4A00210BF004FE2846194A00217E
:102F70000BF007FE28464FF4006200210BF0C1FD64
:102F800028464FF4005200210BF0AFFD6022284686
:102F900000210BF00AFE284600210BF0BEFD28465A
:102FA00000210BF0C3FD0022114628460BF0C7FD9F
:102FB000284600210BF0CBFD2046BDE838400BF041
:102FC000BBBA00BF0020014000640240801B00200B
:102FD0004C200140C01A0020884205DD914208DCE7
:102FE0009042A8BF10467047904203DC9142A8BFB0
:102FF00011460846704737B504686D4604F1300342
:10300000F03433F8102C33F8201C33F8300CFFF771
:10301000E3FF3033A34225F8020BF2D1BDF80230B2
:10302000BDF800001844BDF804301844BDF806305F
:103030001844C0F38F0003B030BD000008B50D4B3D
:1030400098420BD003F5806398420BD0A3F5006340
:1030500098420BD1072909DCC8B208BD012905DC5B
:103060000831F9E7052901DC0A31F5E70BF08EFAA2
:103070001020F2E700040240012370B593400D4692
:10308000044616469BB20022032128460BF0E5FEBB
:10309000054B246831462846E41AFFF7CFFFC4F3F6
:1030A0004F04024B185570BDC01A0020801B002031
:1030B0000D4A0E4B13600E4A991C11600D4A191DE2
:1030C00011600D4A991D11600C4A03F1080111604D
:1030D0000B4A03F10A0111600A4A03F10C01116065
:1030E000094A0E3313607047BC1A0020C01A002032
:1030F000B81A0020B41A0020B01A0020AC1A002020
:10310000A81A0020A41A0020A01A00201729F0B540
:103110000C464FF0000654D80B2988BF0C1F2A49D3
:103120004FF00C0C0CFB0412002592F805E0AE45A4
:1031300006D80CFB0411B1F9023007EE903A0DE00D
:1031400097799368012F33F815300AD183420BDB4E
:103150000C2262438A5E55B907EE902AF8EEE77AB0
:103160002CE00FB98342F3DD01351E46DFE7012F66
:103170000BBF181AC01A07EE900A07EE900A0BBF91
:103180009B1BF31AB8EEE76AB8EEE76A07EE903ACF
:103190000C2303FB0413B8EEE77A1B7906EE903A92
:1031A000F8EEE66A05FB032266EE866A07EE902AD1
:1031B00086EE876AF8EEE77A77EEC67A17EE900A1F
:1031C000F0BDDFED027AF9E7941903080000000072
:1031D0002DE9F041ADF5804D0BF026FC0BF008FC1D
:1031E0004FF480524FF0FF316846FFF7ACF8E846E5
:1031F0006C460025EEB23046FEF7AAFC68B93046B0
:10320000FEF770FC07463046FEF79CFCE0703B8BF7
:1032100023803046FEF704FC606001358F2D04F1F9
:103220000804E7D140F6FE7168460BF0EFFB0DF5A0
:103230004055094C094EC5F8F80F204658F8041BB4
:1032400004340BF0A5FDB442F7D1D5F8F80F0DF515
:10325000804DBDE8F08100BF0040000800800008FC
:10326000F8B50BF0E1FB0BF0C3FB154840F6FE711F
:103270000BF0CCFB134BD3F8F83F83421DD1002653
:1032800040F2FF77F40004F1006404F580442088E4
:10329000FEF718FC902805460AD0FEF759FC38B90D
:1032A00061682846FEF7E8FBE1782846FEF734FC23
:1032B0000136BE42E6D10020F8BD4FF0FF30FBE7FB
:1032C0000040000800700008114A124B30B553F856
:1032D000213052F821400268A342194602F1C80584
:1032E000A8BF2146A94206DCA342B8BF234603F18A
:1032F000C804A24202DD0160002030BD914202DD1F
:1033000001600120F9E79342FBDA0360F9E700BFAF
:103310000C1C0020041C00200F4B104A1B68126874
:1033200093421FBF801A642148439B1A18BF90FB29
:10333000F3F00B4B08BFDFED0B7A93ED007A1CBF67
:1033400007EE900AF8EEE77AB4EEE77AF1EE10FABB
:103350004CBF012000207047041C00200C1C0020E2
:10336000001C00200000C842012914DC0D4B0E4A4D
:1033700053F8213052F8212093420FD0801A642153
:1033800048439B1A90FBF3F007EE900AF8EEE77AB9
:1033900017EE900A7047DFED057AF9E7DFED047A62
:1033A000F6E700BF041C00200C1C002000000000F9
:1033B0000000C8420F4B93ED006AB5EE406AF1EE93
:1033C00010FA07EE900A07EE101A0ED027EE877A51
:1033D000C7EE066AB0EE087A36EE877AF4EE477AE0
:1033E000F1EE10FA58BFF0EE477A034BC3ED007AC6
:1033F000704700BF941B0020001C0020000000004C
:1034000008B506EE900A2DED028B07EE901A9FED9F
:10341000267AC2B1254BD3ED006A67EEA67AC7EED5
:10342000877A17EE900A0CF095FC1DA3D3E90023D0
:103430000CF030FB0CF0DEFF07EE900ABDEC028BC7
:1034400017EE900A08BD1A4BD3ED008AF4EEE68A17
:10345000F1EE10FA36EEE88A1ADD164BD3ED006A6B
:1034600067EEA67AC7EE877A17EE900A0CF072FC28
:103470000BA3D3E900230CF00DFB0CF0BBFF07EE10
:10348000100A27EE087AC7EE287AF1EE677AD5E7B8
:1034900028EE078A37EE687AC8EE077ACEE700BFD3
:1034A0009A9999999999B93F0000C842FC1B00204C
:1034B000001C0020F81B002007EE100AC1BBDFED46
:1034C0001E6A1E4B77EE667AB6EE006AF5EEC07A9B
:1034D000F1EE10FA44BFF1EE477A77EEE67AD3EDDB
:1034E000006A26EE866AB4EE676ADFED137AF1EEC3
:1034F00010FAA8BFB0EE677ADFED117AB0EE006A7D
:10350000E7EE067AF5EEC07AF1EE10FA0CD577EE1A
:10351000A67A9FED0C6A76EE866A86EE867A67EE6C
:10352000277A17EE900A7047C8BF77EEE67AF0E781
:10353000DFED057AF5E700BF00004842001C0020DF
:103540000000C8C20000C84200000000284B07EE7F
:10355000900A93ED007A274BB4EE677AF1EE10FAF9
:10356000C8BFB0EE677AD3ED007A234BF4EE477A0A
:10357000F1EE10FA48BFF0EE477A93ED007AB4EE20
:10358000E77AF1EE10FA11D80BDC1C4AD2ED006A92
:1035900037EE267AB4EEE77AF1EE10FAD8BFF0EE05
:1035A000477A17EE900AC3ED007A704718DDF1EE06
:1035B000046AB4EEE67AF1EE10FA11DDB4EEE77AC1
:1035C000F1EE10FAEDD40D4AD2ED006A37EE667ACC
:1035D000B4EEE77AF1EE10FA58BFF0EE477AE0E782
:1035E000B4EEE77AF1EE10FADBD4054AECE700BF5F
:1035F000D01B0020CC1B0020C01B0020C41B0020BF
:10360000C81B00200C4B1B681B1A07EE903A0B4B93
:10361000F8EEE77A93ED007A094B67EE877A93ED3F
:10362000007AF4EE477AF1EE10FACCBF17EE100AEA
:1036300017EE900A704700BFF01B0020E81B002027
:10364000D81B0020164A174B10B51968146804FAE5
:1036500001F31844144B001B1B6808411B1A07EEAA
:10366000903A124B106093ED007A114BF8EEE77A26
:1036700067EE877A93ED007A0E4BB4EEE77AF1EEBF
:1036800010FA58BFB0EE677AD3ED007AF4EEC77A3D
:10369000F1EE10FAD4BF17EE100A17EE900A10BD23
:1036A000DC1B0020E01B0020EC1B0020E81B00209E
:1036B000D41B0020F41B002042F21073984223DC3C
:1036C00007EE900A114BDFED126A93ED007A114B71
:1036D000F8EEE77A012067EE877A87EEA67A81ED29
:1036E000007AD3ED007AB4EE677AF1EE10FAC8BF33
:1036F000B0EE677AB5EEC07AF1EE10FA48BF9FEDF2
:10370000067A81ED007A704700207047E41B0020A4
:1037100000007A44D81B00200000000007EE100AC9
:1037200007EE901A77EEC77AB2EE047A67EE877AE0
:10373000D2ED006AF5EEC07AF1EE10FAF5EEC06A4D
:1037400048BFDFED127AF1EE10FA14DBF4EEE76A0F
:10375000F1EE10FA54BFB0EE677AB0EE667A82ED01
:10376000007A9FED0B7AF4EEC77AF1EE10FA4CBFB7
:10377000012000207047B1EE677AF4EE476AF1EE5F
:1037800010FAC8BFB0EE667AE9E700BF000000009B
:103790000000C842D9B1D0ED007ADFED0D6AF5EE38
:1037A000C07AF1EE10FAABBF0A4B0B4B93ED007AE7
:1037B00093ED007AABBFB8EEC77AB8EEC77A67EE82
:1037C000277A67EEC77A87EEA67A80ED007A70478F
:1037D0000000C842BC1B0020B81B002090ED007AFE
:1037E000B5EEC07AF1EE10FA07EE901AF1EE046A27
:1037F00017DB174B93ED006A77EEC67A67EEA67A71
:10380000F5EEC07AF1EE10FA48BFDFED127AB4EEB1
:10381000E77AF1EE10FA58BFB0EE677A80ED007AE1
:1038200070470D4B93ED006A77EEC67A67EEA67A85
:10383000F5EEC07AF1EE10FAC8BFDFED067AB4EE0D
:10384000E77AF1EE10FAD8BFB0EE677AE6E700BF8C
:10385000B41B002000000000B01B0020D0ED007A57
:103860001B4BF5EEC07AF1EE10FA06EE901A93EDCE
:10387000006A17DB174B93ED007A37EE667A27EE76
:10388000067AB5EEC07AF1EE10FA48BF9FED127AD3
:10389000F4EE477AF1EE10FAC8BFF0EE477AC0EDC9
:1038A000007A70470D4B93ED007A37EE667A27EE7B
:1038B000067AB5EEC07AF1EE10FAC8BF9FED067A2F
:1038C000F4EE477AF1EE10FA48BFF0EE477AE6E7F9
:1038D000A41B0020A81B002000000000AC1B00203F
:1038E000F0B5164B164D174C2F681E68236890EDE7
:1038F000007ACA1A07FA06F31A44D21BB5EEC07A48
:103900003241F1EE10FA2A6015DB642913DD0E4B0B
:103910001B689B1A1422534323EAE37307EE903A81
:10392000F8EEE77AB4EE677AF1EE10FAC8BFB0EEBF
:10393000677A80ED007A2160F0BD00BF981B0020FF
:103940008C1B0020901B00209C1B0020184B06EEB7
:10395000901A93ED007AF2EE007AE7EE276ADFED37
:10396000157A90ED007A66EEA76AB5EEC07AF1EEB0
:1039700010FAC3ED006A16DD0F4BD3ED007A77EE37
:10398000E67AF1EE006A67EEA67AF5EEC07AF1EE1D
:1039900010FA09D4B4EE677AF1EE10FAC8BFB0EEAF
:1039A000677A80ED007A70479FED047AF9E700BFEF
:1039B000881B00200000803DA01B002000000000AC
:1039C000014B1860704700BF301C002030B50B4C15
:1039D000235C93B90A4B1D687DB10A4B0A490B4A17
:1039E00018700B6802F8330002EBC3025560012225
:1039F000134403F0030322540B6030BD141C002059
:103A0000301C0020291C00202C1C0020F411002058
:103A10000023044A19460133152B02F8011BFAD181
:103A2000704700BF141C0020014B1878704700BF7E
:103A3000291C0020074B03EBC10210B41479064A7D
:103A400053F8313052F824205DF8044B0146034806
:103A5000FFF740BADC200308D0200308DE1E03086D
:103A600038B5094C636853B10025606830B114F86B
:103A7000081B0135FFF7DEFF042DF6D138BDBDE888
:103A800038400248FFF726BAF4110020EE1E030862
:103A900070B54520154EFDF7C3FF337800FA03F4E7
:103AA0004620FDF7BDFF33789840114B64251B6815
:103AB00094FBF5F490FBF5F00E4D641340135B0B93
:103AC000C5E9050442202B61FDF7B0FF06464320FF
:103AD000FDF7ACFF0023EB602B69C5E900605C4398
:103AE000013094FBF0F4AC6070BD00BF501C0020AE
:103AF000B4120020341C0020014B1878704700BF1E
:103B0000511C0020014B1860704700BF781C00203A
:103B1000064B074A1B68128800FA03F393FBF2F383
:103B2000044A5B131380044B186070476019030844
:103B3000181200205C1C0020741C0020054B1B6820
:103B40004FF47A70584344BF00F5FF501F304013C4
:103B5000704700BF541C002008B50F4800210BF02F
:103B600020FD0D4802210BF01CFD0B4804210BF039
:103B700018FD0A4B1B78052B0DD0074801210BF0CF
:103B800010FD054803210BF00CFDBDE8084002487C
:103B900005210BF006BD08BD000001401C190020E6
:103BA00010B50D4C002120460BF020FD20460221CF
:103BB0000BF01CFD204604210BF018FD20460121CE
:103BC0000BF014FD204603210BF010FD20460521CB
:103BD000BDE810400BF00ABD00000140124B1B78FD
:103BE000052B10B5114C16D1062111480BF0FEFC27
:103BF0002168032908D10F480BF0AEFC0321BDE872
:103C000010400C480BF0CDBC0429F7D10948032122
:103C10000BF07DFCF2E72368032BEFD0042B01D1DE
:103C20000221ECE710BD00BF1C1900206C1C002015
:103C3000000800400000014010B5224C2368834278
:103C400020D02060C8B1204B002211201A70FDF74F
:103C5000EDFE1E4B1E4A0B30C0B218701D4B1B6888
:103C60001B1A137007F014F92368013B052B04D8C5
:103C7000DFE803F0232318182309FFF791FF164B01
:103C800000221A6010BDFFF78BFF144803210BF0D0
:103C900088FC124802210BF084FCBDE810400F485C
:103CA0000BF0FEBCFFF77CFFFFF798FF0B480BF013
:103CB000F7FCBDE81040FFF7EBBEBDE81040FFF792
:103CC0004BBF00BF6C1C0020511C0020501C00206A
:103CD000701C002060190308541C002000000140E3
:103CE000224B70B5D3E90053064615201D44FDF75D
:103CF00097FE04461620FDF793FE231803EBD373BB
:103D00005B1083FB063005EBD57500284FEA65058F
:103D100004DA41F6FF729B1840F100005B0B43EAA6
:103D2000C043134E134CEA1A1D446D133378B5F596
:103D3000805FA8BF4FF480555213042B19BF204653
:103D4000022100214FF0804022EAE2720BF098FC41
:103D50003378042B2A4614BF20460221BDE8704068
:103D600014BF04214FF080400BF08ABC641C00207B
:103D70001C190020000800400F4B4203A0F5C06052
:103D800010B5B0F5806F1A604FEA41320C465A60A8
:103D900002D90E20FFF71AFEA4F5C064B4F5806FB7
:103DA00002D90F20FFF712FE1420FDF739FEBDE8FF
:103DB0001040FFF795BF00BF641C002007EE900A7B
:103DC000024BFEEEE97AC3ED037A7047341C002003
:103DD0002DE9F347674BDFF8B8811A889B788DF897
:103DE000063098F80030ADF80420074601261B2065
:103DF0000D469E40FDF71AFE10F0040440F0B0801E
:103E00001B20FDF713FE00F008000028234615BF15
:103E10000420022002210421574A1370507091702F
:103E20006DB10022114655484FF4E0630BF015F8D0
:103E3000002253484FF4604311460BF00EF84FF444
:103E400090600BF06CF84F484E4C20210BF056FA66
:103E50004C480BF04EFA4FF0000A5FFA8AF94946D7
:103E600020460BF03AFB0622494620460BF06FFA3B
:103E7000494620460BF0DFFB4946204600220BF066
:103E8000FFFB49462046002D6ED00BF065FB0AF182
:103E9000010ABAF1060FE0D13B4C3A480BF005FCA1
:103EA00023783848043B012B61D80BF008FC3548D7
:103EB0000BF00AFC2378052B07D11420FDF7B6FD83
:103EC000013002D12F480BF004FC2E480BF006FC09
:103ED0002C480BF008FC39462A480BF00DFC294809
:103EE00081210BF0F9F9274881210BF0EBF92548E6
:103EF00000210BF026FAB1B222480BF026FA98F80E
:103F00000030204808336B4413F80F1C0BF01BFAE9
:103F100001211C480BF0F2FB1A480BF003FA4FF496
:103F2000E0631648002202210AF097FF13484FF47D
:103F3000E06201210AF0B1FF4FF460431048002213
:103F400002210AF08AFF0E484FF4604201210AF074
:103F5000A4FF0E4B1868C0F34F3002B0BDE8F087E5
:103F600004230220002157E70BF0D1FA8FE70BF072
:103F7000A1FB9CE784210308581C0020000002409C
:103F800000040240000001401C190020B41200206F
:103F9000501C002010B5104C20460BF0C8F92046EC
:103FA0004FF400710BF09BF92046FF210BF0A4FBAE
:103FB00020464FF4FA510BF0C8F9204600220221A6
:103FC0000BF05EFB204601210BF098FB2046BDE87C
:103FD00010400BF0A7B900BF00000140014801F0FC
:103FE00003BD00BF341C002038B5DFED157A2DED80
:103FF000048B92ED018A92ED009A28EE278ADFED7C
:10400000117A04460846A9EE278A0D4606F07EFF7F
:1040100008EE900A284606F0ADFF07EE900A28EE5B
:10402000277A28EE288AA9EE287A2046A9EE678A00
:1040300084ED007A84ED018ABDEC048B38BD00BFAD
:104040003ACD933F3ACD133F70B504462DED028B28
:10405000084615460E4606F059FF08EE100A30468F
:1040600006F088FFD5ED017A95ED006A06EE900A1C
:1040700026EEE77A67EE887AA6EE087ABDEC028B28
:10408000E6EE267A2046DFED096A84ED007A67EED7
:10409000A67AF6EE006AB0EE676AA7EE666AD7EE19
:1040A000667A84ED016AC4ED027A70BDD7B35D3FD4
:1040B000014B1860704700BF58120020000000003C
:1040C0002DE9F041324F334EB7F900000BF030FECE
:1040D000314B044618680D460BF03CFE02460B4679
:1040E00000202E490BF0B8FF02460B462046294619
:1040F0000CF018F9002836D0DFF8BC80B6F9004083
:1041000098F80050A200002D3AD1B4F5C97F37DAF3
:10411000234B9FED247ADFED246A1344D3ED007A1C
:10412000224B67EE877A013487EEA67A24B2D3ED6C
:10413000007A67EE277A17EE900A0BF00BFE12A3B7
:10414000D3E900230BF088FF0CF054F9184B3480AE
:10415000C42C186005D125B10023013D338088F8B7
:10416000005000233B80B6F900003B88B0F5C97FC2
:1041700003F101033B80ACBF00200120BDE8F081CA
:104180000C4BC6E7AFF30080C3F5285C8FC2D53F68
:10419000C81C0020CA1C0020601200200000F03F54
:1041A0009421030800007A44000061454412002075
:1041B00058120020D82703081A1200207FB5094B97
:1041C0001A68094B01921B680293084B03A81968EF
:1041D00001AAFFF739FF0398054B186007B05DF897
:1041E00004FB00BF8C12002088120020A0120020C7
:1041F0002C1E00207FB5094B1A68094B01921B68E1
:104200000293084B03A8196801AAFFF71DFF049841
:10421000054B586007B05DF804FB00BF8C1200200E
:1042200088120020A01200202C1E00200000000098
:104230002DE9F04F2DED0A8BD14B97B01F681390ED
:1042400006460D46144614911592394613AA11A834
:10425000FFF7CAFECB4B119A1A60394613AA11A870
:10426000139614951594FFF7BFFEC74B129AC748D3
:104270001A6001F081FC07EE900AF5EE407AF1EE4B
:1042800010FA08BFDFEDC27AC24B17EE900AC3EDF9
:10429000007A0BF05FFDC04B044618680D460BF02A
:1042A00059FD02460B460BF0F7FB02460B46204633
:1042B00029460BF0EFFB224606460F462B460BF035
:1042C000CBFE32463B460BF09DFD22462B460BF0C3
:1042D000C3FE0CF08FF807EE900AF7EE008A77EE37
:1042E000A87ADFEDAE6AAE4B86EEA77A1860AD4BCA
:1042F00083ED007AAC4BD3E90023142A73F1000359
:104300000CDADFEDAA7AAA4827EE277AF0EE477A90
:10431000FEEEE97A17EE901AFEF7DCFDA54B93ED61
:10432000008AC8EE88BA1BEE900A0BF013FDA24B70
:10433000D3ED007A824617EE900ACDED027A8B46D5
:104340000BF008FD02460B46CDE9000184A1D1E93E
:1043500000010BF081FE52465B460BF09DFB0246CE
:104360000B46002095490BF077FE954B954A93ED4F
:1043700000BA884BD2ED00AA93ED009A814BCBEEA8
:10438000088A04460D4678A1D1E90001D3ED007AF0
:10439000DDE9002378EEA78A0BF05EFE0F468A491E
:1043A000D1ED009A064619EE900A0BF0D3FCE9EE27
:1043B0002A8A02460B46CDE90401304639460BF005
:1043C00021FD804618EE900ACAEE888A89460BF0D5
:1043D000C1FC02460B46404649460BF05DFB2246B7
:1043E0002B460BF00FFD0CF005F808907748664B54
:1043F00090ED00AAD3ED007A1AEE100A78EEA78AA3
:104400000BF0A8FCEBEE498A02460B46CDE906010B
:10441000304639460BF0F6FC064618EE900A0F4679
:104420000BF098FC02460B46304639460BF034FB45
:1044300022462B460BF0E6FC0BF0DCFF644B0990A8
:104440001868644F0BF086FC49A3D3E9002380462B
:1044500089460BF001FE52465B460BF01DFB0246FF
:104460000B4600205549DFF874B10BF0F5FD4A4BBF
:10447000DBED00CAD3ED008ACDE90C0119EE100A7C
:104480000BF068FC044618EE900A0D460BF062FC37
:1044900002460B460BF000FB02460B46204629461F
:1044A0000BF0F8FA97ED00CACDE90E011CEE100AE8
:1044B0000BF050FC30A3D3E90023CDE90A014046BC
:1044C00049460BF09FFC2AA3D3E900230BF0C4FD5F
:1044D000CCEE887A8046894617EE900A0BF03AFCBB
:1044E000DDE90A2304460D46DDE90E010BF08AFCE6
:1044F00002460B46204629460BF0CEFA42460446B9
:104500000D464B46DDE904010BF07CFC02460B46F0
:10451000204629460BF0C0FADDE90C230BF072FCB3
:104520000BF068FF2C4B824618601CEE900A0BF0D3
:1045300011FCCCEE087ACDE9040117EE900A0BF0DD
:1045400009FCDDE9042304460D46DDE90E010BF00C
:1045500059FC02460B462046294641E0AFF3008055
:10456000FA7E6ABC7493883F3FABCC94D6DFF23EB0
:10457000D2FBC6D79E59223FFA7E6ABC7493583F3D
:10458000A0120020C41C0020C01C00200017002026
:10459000BD378635BC1C00205C120020000048435B
:1045A000B81C0020B41C0020A81D002000007A4484
:1045B0008721030860120020042B03080000F03F4D
:1045C000E41C0020E81C0020EC1C0020F01C002053
:1045D00054120020F41C0020B01C0020F81C002005
:1045E0000BF058FA424604460D464B46DDE90601FB
:1045F0000BF008FC02460B46204629460BF04CFA0D
:10460000DDE90C230BF0FEFB0BF0F4FED24B18603F
:10461000D24B93ED00CA06461CEE100A0BF09AFB33
:10462000DDED027ACCEE277A04460D4677EEAB7AC2
:1046300017EE900A0BF08EFBBFA3D3E90023804650
:104640008946204629460BF007FD02460B464046A8
:1046500049460BF021FABAA3D3E9002380468946E4
:10466000204629460BF0F8FC02460B4640464946D8
:104670000BF012FA02460B460020B9490BF0ECFC95
:10468000AFA3D3E90023CDE90201DDE900010BF07E
:10469000B9FB02460B46204629460BF0DDFCAAA3D7
:1046A000D3E9002380468946204629460BF0D4FCF6
:1046B000CDE906011BEE100A0BF04CFB42464B46BF
:1046C0000BF0A0FBDDE9062304460D46DDE90401FD
:1046D0000BF098FB02460B46204629460BF0DCF90E
:1046E000C9EE887A04460D4617EE900A0BF032FBAD
:1046F00002460B46204629460BF0CEF969EE0A7AAF
:10470000044617EE900A0D460BF024FB02460B46BA
:10471000204629460BF0C0F9DDE902230BF072FBBD
:104720000BF068FE8F4B044618601AEE900A0BF0EF
:1047300011FB42464B460BF065FBDDE90623804644
:104740008946DDE90A010BF05DFB02460B46404657
:1047500049460BF0A1F9CAEE087A8046894617EE61
:10476000900A0BF0F7FA02460B46404649460BF01A
:1047700093F969EE297A804617EE900A89460BF084
:10478000E9FA02460B46404649460BF083F9DDE95B
:1047900002230BF037FB0BF02DFE734BDDED087A97
:1047A0001860724B724AC3ED007A0546DDED097A56
:1047B00070497148C2ED007A3E600560CBF800A0F8
:1047C00008980C600BF0C6FA8046204689460BF02C
:1047D000C1FA5BA3D3E900230BF014FB02460B469E
:1047E000404649460BF056F9DDE900230BF034FC56
:1047F0000BF000FE614B624E186009980BF0AAFAAC
:104800008046284689460BF0A5FA4DA3D3E900233C
:104810000BF0F8FA02460B46404649460BF03AF9CF
:10482000DDE900230BF018FC0BF0E4FD554BD6ED51
:10483000007A1860544B554A28EEA76AD3ED007AE7
:10484000534BD2ED006A93ED007A524BB5EEC06A3D
:10485000F1EE10FA67EE877A93ED007A67D5F5EE00
:10486000C07AF1EE10FA4CBFF1EE675AF0EE675ADB
:1048700075EEA66A37EE467A28EE278A9FED466ADD
:1048800083ED007AC8EE067A444B5F2093ED006A10
:10489000C2ED006A77EE867AC3ED007AC6EE877ABB
:1048A00017EE901AFDF7EEF83D4B18680BF052FA30
:1048B00002460B4626A1D1E900010BF0CDFB394B96
:1048C000044618680D460BF045FA02460B46204692
:1048D00029460BF0C1FB344B044618680D460BF01B
:1048E00039FA02460B46204629460BF0B5FB1F4B12
:1048F00097ED007AD3ED007A1D4BDBED006A67EE91
:10490000C77A93ED007AE6EE877A04460D4617EEF5
:10491000900A0BF01FFA22462B460BF073FA0BF0AD
:1049200069FD306017B0BDEC0A8BBDE8F08F76EE04
:10493000266A37EE877A9FE7D2FBC6D79E59223F79
:10494000FA7E6ABC7493583F0BB8DF888B2F8C3E7D
:104950003CDF4F8D976E723FAC1C0020B41C0020D2
:104960000000F03FA81C0020A41C0020E41C002034
:10497000E81C0020EC1C0020F01C00208C12002001
:10498000FC1C002088120020B01D00202C120020EA
:10499000901D00202812002000006145281D0020E5
:1049A000E82A0308FC1D0020002B0308000000007B
:1049B0002DE9F04FC84BC94A1B68DFF868B3C84CF3
:1049C000DBED007ADFF860A3C64D2DED028B13609E
:1049D000C54BC64A1B681360C54BC4ED007A93ED06
:1049E000007A77EE677A83B0F5EE407AF1EE10FA4E
:1049F00008BFDFEDC07A85ED007ACAED007A17EEC8
:104A0000900A0BF0A7F9BC4B0022804689460BF0B8
:104A1000F9F902460B4698A1D1E900010BF01CFB05
:104A200097A3D3E9002306460F46404649460BF0BC
:104A3000E9F906F0D9FA06F017FB02460B463046B4
:104A400039460BF0DFF990A3D3E900230BF024F8EB
:104A5000CDE90001DAF80000DFF8D0A20BF07AF916
:104A6000A54B0022804689460BF0CCF902460B4646
:104A700087A1D1E900010BF0EFFA87A3D3E9002366
:104A800006460F46404649460BF0BCF906F0ACFA24
:104A900006F0EAFA02460B46304639460BF0B2F908
:104AA0007FA3D3E900230AF0F7FF02460B46DDE9B6
:104AB00000010AF0EFFF7CA3D3E900230BF0A2F979
:104AC0000BF098FCDFF86892CAF80000D9F80000F3
:104AD000DFF84C820BF03EF902460B460020874976
:104AE0000BF0BAFA02460B4671A1D1E900010BF0B6
:104AF000B3FA834B064618680F460BF019F90B46BC
:104B00000246394630460BF07DF90BF073FC08EE97
:104B1000100A7C4BB5EEC08A1860F1EE10FA7A4BA1
:104B2000C8F800305EDD0BF015F963A3D3E900236C
:104B30000BF0E4FB002855D00023C8F80030DAF869
:104B400000000BF007F900224FF040430BF05AF938
:104B50000646D8F800000F460BF0FCF802460B465C
:104B6000304639460BF04EF9684B064618680F463A
:104B70000BF0F0F802460B46304639460BF06CFA63
:104B80000BF038FC624BD9ED006A1860614B07EE00
:104B9000900A93ED007A514B37EE677AD3ED005AC5
:104BA000524B87EE256A94ED007AA6EE267A93EDB5
:104BB000006A594B84ED007AD3ED005A4C4B8BEDD3
:104BC000007A77EEC67A87EEA56AD5ED007AE6EE32
:104BD000867AC5ED007AC3ED007A03B0BDEC028B96
:104BE000BDE8F08F18EE100A0BF0B4F832A3D3E949
:104BF000002306460F460BF095FB00289FD030A3FC
:104C0000D3E90023304639460BF078FB002896D0D4
:104C100029A3D3E90023304639460AF03BFF2AA3F3
:104C2000D3E9002306460F460BF016FA32463B4600
:104C30000BF0E8F824A3D3E900230BF00DFA0246A9
:104C40000B46002035490AF025FF0BF0B3FBFDF7BA
:104C500006FC0BF05DF802460B4600202F490AF0D7
:104C600019FF1BA3D3E900230BF0CCF80BF0C2FB18
:104C70002B4B186063E700BFC8D2872EA86FB93FDF
:104C80002B8716D9CEF7C33F91D739BCD6944A3F6C
:104C900002D4D4B2B5BEB83FD022DBF97E6ABC3FA5
:104CA0000011871167EA3A3FABAAAAAAAAAA404014
:104CB000FA7E6ABC7493883F658D7A884677703F28
:104CC000758E01D9EBDD7F3F20020EA14ACD6E3FEC
:104CD00000000000009AD04020120020A01C0020FC
:104CE000981C0020941C0020081D00209C1C002003
:104CF0000C1D0020ACC527370000F83F0000E03F46
:104D00001C120020881C002000D084464412002081
:104D1000801C00201C1D0020181D00200000F03FFA
:104D2000841C00205C120020901C00208C1C0020A1
:104D300060120020000000002DE9F04F2DED068BE1
:104D4000BB4BBC4FDFF830934FF0000B83B00646EF
:104D5000C3F800B03868924688460AF0FBFFCDE9F8
:104D60000001D9F800000AF0F5FFB34B04460D46E8
:104D70000022DDE900010BF045F822462B460BF03E
:104D80006BF99DA3D3E900230BF03CF8DDE9002388
:104D90000BF038F822462B460BF05EF996A3D3E9C8
:104DA00000230BF02FF896A3D3E900230AF074FE3A
:104DB000002200230AF070FE8FA3D3E900230BF03A
:104DC00021F822462B460BF047F90BF013FB9B4BC7
:104DD0005246186041463046FFF72AFA984BDFF8F2
:104DE0009C821860974B984E93F800A008EE100A2A
:104DF000BAF1000F35D1D9ED009A19EE900A0AF0F8
:104E0000A9FF044602460B460D467FA1D1E90001E9
:104E10000BF022F922462B460BF01EF90BF0EAFAB2
:104E200096ED009A894CC8F80000B4EE699AF1EE4C
:104E300010FA08EE900A40F0A5812368002B40F399
:104E4000C681FFF7B5FD2368013B012B236040F0CD
:104E50009A807F4B1A687F4B1A607F4B00221A7032
:104E600091E097ED00AA1AEE100A0AF073FF0246CD
:104E70000B4682468B460AF00FFE65A3D3E900235A
:104E800004460D460BF030FA002800F08280734B88
:104E90001A68022A7DD101221A60714B1B68C9F879
:104EA000003020465CA3D3E9002329460BF03AFAF0
:104EB000002800F0E580694B02221A60684B5B68AD
:104EC000C9F80030204656A3D3E9002329460BF049
:104ED00029FA002876D199ED009AD6ED009A19EEBC
:104EE000100A0AF037FF044602460B460D4646A15B
:104EF000D1E900010BF0B0F822462B460BF0ACF8DC
:104F00000BF078FAF4EE499AF1EE10FA08EE900AF6
:104F10004E4C24D0534BC3ED009A4E4B1A684C4B69
:104F20001A604D4B01221A704F4B18680AF012FF9D
:104F300002460B4600204D490BF08EF80BF012FA9A
:104F40004B4B2060D3ED007A86ED009A69EE277A0C
:104F5000002287EEA97A83ED007A464B1A60236817
:104F6000C8ED008A002B40F39B80FFF721FD2368EA
:104F7000012B06D1384A00211170354A1168354A93
:104F80001160013B2360386803B0BDEC068BBDE8BF
:104F9000F08F21A3D3E90023204629460BF0C2F964
:104FA00018B12E4B1B68012B85D01DA3D3E900231C
:104FB000204629460BF0B6F9002861D0274B1B6824
:104FC000022B5DD1254B03221A60254B9B68C9F843
:104FD0000030204614A3D3E9002329460BF084F9BE
:104FE00000283FF478AF1D4B02221A601C4B5B680F
:104FF000C9F800306FE700BFC3F5285C8FC2D53F0A
:105000009A999999997575409A9999999949794078
:105010000000000000C07B400000000000788E40CF
:1050200000000000007097400000000000C07740C2
:105030007C1C00205C1200200000E43F081D0020C2
:105040001C1D002024120020301D00201C120020F6
:10505000141D002058120020841D0020481200203A
:1050600030120020201D0020601200200000E03FD0
:105070000C1D0020241D002044120020181D0020BB
:10508000AEA3D3E90023204629460BF02DF90028D2
:105090003FF421AF9E4B1B68032B7FF41CAFA2E7AC
:1050A0009C4E96ED009AB5EEC09AF1EE10FA25DD11
:1050B00019EE100A0AF04EFE91A3D3E9002304462C
:1050C0000D46504659460AF09DFE02460B462046C4
:1050D00029460BF027F910B1FFF76AFC53E78AA3C2
:1050E000D3E90023504659460AF08CFE02460B468F
:1050F000204629460BF0F8F80028EDD1B5EEC09A0D
:10510000F1EE10FA23D519EE100A0AF023FE7CA363
:10511000D3E9002304460D46504659460AF072FE74
:1051200002460B46204629460BF0DEF80028D3D174
:1051300075A3D3E90023504659460AF063FE0246A0
:105140000B46204629460BF0EDF80028C4D1724BDF
:10515000D3ED007A714B78EE677AC3ED007A704B2D
:1051600093ED007A6F4B67EE877A93ED007A78EED5
:10517000878A87EEA87A77EE0A7AC7ED007AC6EDBD
:10518000007A00E7684B694A19681160C3F800B0FB
:10519000674A634B0121186811700AF0DBFD0B466A
:1051A0000246644900200AF057FF0BF0DBF8594B28
:1051B0002060D3ED007AC6ED009A69EEA77A87EEFB
:1051C000897A83ED007A5C4BC3F800A035E6514E36
:1051D00097ED00AA96ED009AF5EE409AF1EE10FADE
:1051E00017D14F4B93ED007A4E4B28EE078AD3ED43
:1051F000006A494BC8EE267AD3ED006A77EE8A7AC8
:10520000C7ED007AC6EEA87AA7EE279A86ED009A37
:10521000B9E6B5EEC09AF1EE10FA29DD19EE100AE2
:105220000AF098FD04461AEE100A0D460AF092FDA7
:1052300033A3D3E90023804689460AF0E3FD024602
:105240000B46204629460BF06DF800287FF444AF4A
:105250002DA3D3E90023404649460AF0D3FD024678
:105260000B46204629460BF03FF800287FF434AF68
:10527000B5EEC09AF1EE10FA29D519EE100A0AF02F
:1052800069FD04461AEE100A0D460AF063FD1CA3E0
:10529000D3E90023804689460AF0B4FD02460B4656
:1052A000204629460BF020F800287FF415AF16A3FE
:1052B000D3E90023404649460AF0A4FD02460B46C6
:1052C000204629460BF02EF800287FF405AF124B3C
:1052D000D3ED007A114B38EE678A83ED008A104BCC
:1052E000D3ED007A0F4B28EE278AD3ED007A78EEC3
:1052F000A78AC8EE287A77EE8A7A3EE7AFF3008075
:10530000CDCCCCCCCCCCF03F666666666666EE3F14
:10531000481200200C1D0020081D00202C1D00201C
:10532000601200202012002058120020141D0020BE
:10533000841D00200000E03F241D0020000000002C
:1053400000C07740054B064A1B681360054A13608E
:10535000054B1A68054B1A60704700BF44120020C5
:10536000301D0020201D002020120020A01C002045
:1053700008B52DED028B08EE100A0AF0EBFCF2EEF8
:10538000087AB4EEE78AF1EE10FA12DC16A3D3E93C
:1053900000230AF07FFB16A3D3E900230AF032FDB5
:1053A0000F4B00220AF078FB0BF024F8BDEC028BC7
:1053B00008BD0C4B00220AF06DFB05A3D3E90023C6
:1053C0000AF020FD04A3D3E90023EBE7AFF300804C
:1053D000156CC1166CC1C6BF666666666666064019
:1053E0000000084000002840F6285C8FC2F5E83F26
:1053F0004512586FCC4092BF08B52DED028B08EED8
:10540000100A0AF0A7FCF2EE0A7AB4EEE78AF1EE8F
:1054100010FA13DC15A3D3E900230AF03BFB15A314
:10542000D3E900230AF0EEFC14A3D3E900230AF029
:1054300033FB0AF0DFFFBDEC028B08BD0A4B0022F4
:105440000AF028FB04A3D3E900230AF0DBFC04A341
:10545000D3E90023EBE700BF0AD7A3703D0AC7BF1B
:10546000333333333333074000002A40F6285C8F50
:10547000C2F5E83F20AA0EBF68C290BFCDCCCCCC0D
:10548000CCCC08400000000008B52DED028B08EEE2
:10549000100A0AF05FFCF2EE0E7AB4EEE78AF1EE43
:1054A00010FA13DC15A3D3E900230AF0F3FA15A3CD
:1054B000D3E900230AF0A6FC14A3D3E900230AF0E1
:1054C000EBFA0AF097FFBDEC028B08BD0A4B0022F5
:1054D0000AF0E0FA04A3D3E900230AF093FC04A342
:1054E000D3E90023EBE700BFCDCCCCCCCCCCD4BFF0
:1054F000CDCCCCCCCCCC084000002E40F6285C8F24
:10550000C2F5E83FBF0012C2F3CD7CBF9A999999CA
:10551000999909400000000008B52DED028B08EEB6
:10552000100A0AF017FCF3EE027AB4EEE78AF1EE05
:1055300010FA13DC15A3D3E900230AF0ABFA15A384
:10554000D3E900230AF05EFC14A3D3E900230AF098
:10555000A3FA0AF04FFFBDEC028B08BD0A4B0022F4
:105560000AF098FA04A3D3E900230AF04BFC04A341
:10557000D3E90023EBE700BF9A9999999999F1BF74
:10558000CDCCCCCCCCCC084000003240F6285C8F8F
:10559000C2F5E83F2FF326A14AC987BF6666666653
:1055A00066660A40704700002DE9F84FD64BD74E8B
:1055B0002DED088BD3ED00AAD54BD3ED007A6AEE22
:1055C000A77ABAEE04BA17EE900A0AF0C3FBD14BE1
:1055D00000220AF041FDC0A3D3E900230AF03CFDFC
:1055E000044630680D460AF0B5FB0B4602462946D4
:1055F00020460AF051FA0AF0FDFEC74B3060D3EDA9
:10560000008AF4EECB8AF1EE10FA0446B2EE04AA58
:1056100016DBF5EEC08AF1EE10FA11D5FFF7A8FE01
:1056200008EE100A2046FFF7E7FE07EE900A77EE35
:10563000C87A87EE8A7A78EE8A7AA7EE278A1BE004
:10564000F5EEC08AF1EE10FAC0F2CB80F4EECA8A11
:10565000F1EE10FA40F1C5802046FFF7CDFE08EECE
:10566000100A2046FFF710FF07EE900A77EEC87A7F
:1056700087EE8A7AA8EE878A20460AF06BFBA74B52
:1056800000220AF0E9FCA64B00220AF0BBFB02460E
:105690000B460020A2490AF0FDF9A14B00220AF0B6
:1056A000DBFC0AF0A7FE0AF055FB8DA3D3E900232B
:1056B00004460D460AF018FE002840F0BF8088A37B
:1056C000D3E90023204629460AF0E4F986A3D3E96A
:1056D00000230AF097FB934B00220AF0DDF90AF051
:1056E00089FE914B002209EE100A294620460AF055
:1056F00089FB8E4B00220AF0CFF90AF07BFEF4EE14
:10570000CB8AF1EE10FA09EE900AC0F2A080F5EE15
:10571000C08AF1EE10FA40F19A80854B00222046B3
:1057200029460AF06FFB834B00220AF0B5F90AF014
:1057300061FE07EE900A39EE679A78EE8A8A89EE62
:105740000A7AE7EE287AB0EE679A18EE100A0AF0A5
:1057500001FB794B002282468B460AF053FB06463A
:1057600019EE100A0F460AF0F5FA61A3D3E90023F7
:105770000AF048FB674B00220AF06EFC80461AEEE6
:10578000900A89460AF0E6FA02460B464046494628
:105790000AF038FB02460B46304639460AF07AF9E1
:1057A0000AF028FE654B06461860594652A3D3E915
:1057B000002350460AF098FD10B1614B00221A7088
:1057C0004FA3D3E90023204629460AF0ABFDBDECE8
:1057D000088B00385B4B18BF012018703046BDE8BD
:1057E000F88FF4EECA8AF1EE10FAF3EE097A17DBBD
:1057F000F4EEE78AF1EE10FA12D52046FFF744FEE8
:1058000008EE100A2046FFF787FE07EE900A77EEB3
:10581000C87AF2EE0E6A87EEA67A78EECA7A0CE7BC
:10582000F4EEE78AF1EE10FA05DB2046FFF774FE8E
:1058300008EE100A20E7B0EE088A1DE7424B00226E
:10584000204629460AF0DEFA3A4B002245E7F5EEFB
:10585000C08AF1EE10FA0BDBF4EECA8AF1EE10FA10
:1058600006D579EEC99AC9EE8A7AA8EEA79A6CE7AE
:10587000364B0022204629460AF0C4FA344B002257
:105880000AF00AF90AF0B6FDF4EECA8AF1EE10FA4F
:1058900009EE100AF3EE097A11DBF4EEE78AF1EE75
:1058A00010FA0CD539EE699AF2EE0E7A89EE277A63
:1058B00078EECA7AB0EE699AA7EE279A45E7F4EE39
:1058C000E78AF1EE10FAF3EE097AB8BFB0EE679A04
:1058D0003BE700BFAFF30080000000000020AC40B9
:1058E0009A9999999999C93FA2D2913D035119C0AA
:1058F000FCA9F1D24D62503F33333333333303408D
:10590000B81E85EB51B8EE3FB01D002050120020AC
:1059100060120020000008404C120020008033403C
:105920000000594000002E40000014C00000244038
:10593000000020C00000394000005540901D0020AC
:10594000341D00205C1D0020000024C0000004C0A5
:10595000000014407047000038B51B4B1B4AD3EDC4
:10596000007A1B4BB0EE677ABEEEE97A83ED007ADF
:10597000184BC3ED007A184B1A60184B18680AF0E0
:10598000E9F902460B4604460D460BA1D1E9000198
:105990000AF062FB0AF02EFD114B224618602B46DE
:1059A00007A1D1E900010AF057FB0AF023FD0D4BD6
:1059B000186038BDAFF30080CDCCCCCCCCCC10403F
:1059C0006666666666662240541200200448B42E5D
:1059D000881D0020581D0020401D0020601200205E
:1059E0003C1D0020381D002000220121C0E90022BA
:1059F000C0E90222C0E904128261704700220260FD
:105A00000261C260034A044942614FF064528160FE
:105A10004260704717B7D13895BFD63300000000F9
:105A20002DE9D0432DED048BDDED0A6AD0ED057A2A
:105A300090ED038ADDED0B9A09EE103AC9EE265A75
:105A40004BA7D7E90067044607EE102A37EE677ABE
:105A500006EE101AE5EE877AC0ED057A67EEA67AB3
:105A600086EE277AA7EE098A77EE297A80ED007A0A
:105A7000C0ED017A18EE100A0AF06CF932463B4686
:105A8000804689460AF044FCE0BBB5EEC08AF1EEE0
:105A900010FA42D4D4ED048A84ED038AE9EE298A0F
:105AA00033A7D7E9006718EE900A0AF053F9324697
:105AB0003B46804689460AF02BFCA8BBF5EEC08A1F
:105AC000F1EE10FA3BD42AA7D7E9006738EE288A0E
:105AD000C4ED048A18EE100A0AF03CF932463B463F
:105AE000804689460AF014FC80BBB5EEC08AF1EE10
:105AF00010FA36D418EE100A84ED028ABDEC048B3D
:105B0000BDE8D08332463B464046494609F0C2FFD5
:105B10000AF070FC08EE100AACE732463B464046FD
:105B2000494609F0B9FFF3E732463B46404649464D
:105B300009F0B0FF0AF05EFC08EE900AB3E73246C7
:105B40003B464046494609F0A7FFF3E732463B464D
:105B50004046494609F09EFF0AF04CFC08EE100A48
:105B6000B8E732463B464046494609F095FFF3E721
:105B7000112D4454FB21194040687047406970471B
:105B800070B504462DED028B084615460E4605F00D
:105B9000BDF908EE100A304605F0ECF9D5ED017AB2
:105BA00095ED006A07EE100A67EE676A67EE887A7D
:105BB000E6EE086ABDEC028BE6EE077A2046C4EDFD
:105BC000006AC4ED017A70BD07EE900A06EE101A65
:105BD000B0EE007AE6EE477A064B06EE902A93ED99
:105BE000007A77EEA67A27EE077AC7EE877A17EE65
:105BF000900A70476012002070B52DED028B82B0C4
:105C000002AB03E906000099019805F077FB08EE66
:105C1000100AB5EEC08AF1EE10FA36DB0AF09AF8F7
:105C20004BA3D3E9002304460D460AF05DFB60B3A5
:105C300057A3D3E900232046294609F02BFF0AF099
:105C4000D9FB554B83ED008A544B186005F05EF983
:105C5000534B064618680AF07DF8044630460D4658
:105C60000AF078F838A3D3E900230AF0CBF802460B
:105C70000B46204629460AF0EFF90AF0BBFB494BD8
:105C8000186002B0BDEC028B70BD18EE100A0AF06D
:105C900061F82FA3D3E9002304460D460AF038FB30
:105CA00058B12DA3D3E90023204629460AF01CFB56
:105CB00018B12BA3D3E90023BDE727A3D3E9002321
:105CC000204629460AF024FB58B127A3D3E9002334
:105CD000204629460AF008FB18B125A3D3E9002382
:105CE000A9E725A3D3E90023204629460AF010FBA3
:105CF00078B123A3D3E90023204629460AF0F4FA19
:105D000038B11BA3D3E900232046294609F0C4FE7D
:105D100095E71BA3D3E90023204629460AF0F8FAA9
:105D200058B119A3D3E90023204629460AF0DCFA2A
:105D300018B10BA3D3E90023E6E715A3D3E90023A9
:105D4000E2E700BFAFF30080AA4C58E87AB6FB3F09
:105D500061732D3852C1F03F61732D3852C100403C
:105D6000112D4454FB21F93F112D4454FB210940CE
:105D700039D038C6A6F10440112D4454FB2109C086
:105D800061732D3852C100C061732D3852C1F0BF0C
:105D900061732D3852C1E03F241E0020201E0020D8
:105DA000901D0020281E00202DE9F04F2DED048BC2
:105DB00004460025DFF84893DFF84883C0F80090D8
:105DC00000F1400B87B004F18007C0F80490C0F8E0
:105DD0000880C0F80C80056145618561C561056278
:105DE00045628562C562056345638563584602F076
:105DF00061FA04F1C00A384602F05CFA04F58076D4
:105E0000504602F057FA304602F054FAA24BC4F85A
:105E10004031A24BC4F84431A14BC4F84831A14BE6
:105E2000C4F85031C4F85C31C4F86031C4F864314E
:105E3000C4F86831C4F86C319B4B9C4AC4F870516B
:105E4000C4F87451C4F87851C4F880310025984BD7
:105E5000C4F85421C4F84C91C4F85881C4F8D8311E
:105E6000C4F8DC519348FFF79FFB934B9FED937A67
:105E700093ED009A924BDFED937A93ED008A68EEF2
:105E8000088AE8EE877A17EE900A05F039FA9FED56
:105E90008E7A8E4B07EE900A67EE877A89EE277A24
:105EA000DFED8B7A83ED007AC9EE277A17EE900A40
:105EB00009F050FFCDE9020118EE100A09F04AFF7F
:105EC000804618EE900A894609F044FF814B002273
:105ED00009F0E2FD4246CDE904014B464046494601
:105EE00009F0DAFD42464B4609F08CFF02460B46AC
:105EF000DDE904010AF0B0F805F0C6F902460B46E8
:105F0000DDE9020109F07EFF0AF074FA724B94EDAC
:105F1000506A1860714BD3ED006A714B93ED007AB3
:105F20004FF480430193D4ED517AFEEEE97A58465E
:105F3000CDED007AF0EE467AFEEEE97A17EE903A71
:105F4000F0EE667AFEEEE97A17EE902AF0EE477AE6
:105F5000FEEEE97A17EE901A02F0C6F92B460722F8
:105F600058464FF4203102F030FA606809F0F2FE32
:105F70005C4B002209F046FF5B4B002209F042FF18
:105F800002460B4609F088FD41A3D3E9002309F03E
:105F900039FF3FA3D3E9002309F034FF534B804678
:105FA0001868894609F0D6FE02460B464046494627
:105FB0000AF052F880464E488946FFF7DFFD09F0A7
:105FC000C9FE42464B4609F01DFF4A4B002209F02C
:105FD00019FF0AF0C7F94FF448134FF48032CDE9A6
:105FE00000320146A26F3846A3F5C80302F07CF9DF
:105FF0002B463846022248F6991102F0E6F93E4B4C
:1060000094ED017AD3ED006A3C4B4FF400570197B1
:10601000D3ED007AFEEEE97A3046CDED007AF0EE6F
:10602000667AFEEEE97AD4F8B82017EE903AF0EEF0
:10603000477AFEEEE97A17EE901A02F055F92B46F0
:106040003046042240F2475102F0BFF9D4ED007A05
:106050000197B0EE677ABEEEE97A4FF4482317EE67
:10606000101A00935046A3F5C8134FF4602202F0B3
:106070003BF950462B46072240F6144102F0A5F9A1
:10608000204607B0BDEC048BBDE8F08FAFF3008075
:10609000FA7E6ABC7493583F000096C30000964392
:1060A00017B7D138BD378635842E813E95BFD6339C
:1060B0000000E042FC160020941D002000E2F247A0
:1060C000FC1D00200000444645F5D63A481D00203E
:1060D0003F571B3F0000F03F441D00205812002096
:1060E0005C120020000008400000E03FE82A03089E
:1060F000001700200000C040801200208412002001
:10610000ACC5273777CC2B322DE9F04F2DED048B22
:1061100082468BB000F5807002F0FAF8DAED4E7A24
:10612000DAF80070E44BDAF84811D3ED005ACAF8F7
:106130004871FAEEE97A07EE107ACAED057ADAEDDF
:10614000547ACAF8501175EEA55A37EE677A17EEF1
:10615000902A87EE259A3846DFF888B3CAED537A3D
:106160008AED559AFFF730FDDAED597A9AED017A0A
:10617000DAF85C118DED017A8AED577A37EE677A9D
:1061800017EE902AC7EE259ACAF85801CAF864118A
:106190000198CAED587ACAED5A9AFFF715FDDAF858
:1061A0007431DAED5C7ACAF87031C44BCAED5F7AAB
:1061B00093ED008ADBED008ACAF86C0178EE677A0D
:1061C000064687EEA57A18EE900A8AED5E7A8AED89
:1061D0005D8A09F0BFFDB0A3D3E90023804689465C
:1061E00009F010FECDE9040118EE100A09F0B2FD25
:1061F000044638460D4609F0ADFDA7A3D3E90023B8
:10620000CDE902012046294609F0FCFDA4A3D3E90B
:10621000002309F0F7FD42464B4609F03DFC2246BB
:106220002B4609F0EFFDDDE9022309F0EBFDCDE996
:10623000060119EE900A09F08DFD9BA3D3E9002316
:1062400009F0E0FD044630460D4609F083FDDDE926
:10625000042309F0D7FD02460B462046294609F0E3
:106260001BFC02460B46DDE9060109F015FC78EE41
:10627000087A064617EE900A0F4609F06BFD86A3D2
:10628000D3E9002309F0BEFD42464B4609F0BAFDB2
:10629000044619EE100A0D4609F05CFD02460B4655
:1062A0002046294609F0AEFD02460B4630463946E7
:1062B00009F0F2FB68EE087A044617EE900A0D46E4
:1062C00009F048FD74A3D3E9002309F09BFD424681
:1062D0004B4609F097FD064601989FED798A0F46D7
:1062E00009F038FD02460B463046394609F08AFD72
:1062F00002460B462046294609F0CCFBDDE9022385
:1063000004460D46DDE9040109F07CFD78EE687A6B
:10631000064617EE900A0F4609F01CFD5EA3D3E96E
:10632000002309F06FFD804666488946FFF726FC8A
:1063300007EE900AF0EEE77A17EE900A09F00AFDF0
:1063400042464B4609F05EFD32463B4609F0A4FB4F
:106350000646DAF878010F4609F0FCFC02460B46C7
:106360003046394609F04EFD22462B4609F094FB93
:10637000DBED007A544E38EE678ADAED5D7A04463A
:10638000504828EE278A0D46FFF7F8FB07EE900AE3
:10639000F0EEE77A67EE887A0AF1080717EE900ABE
:1063A00009F0D8FC22462B4609F076FB0AF022F8C9
:1063B000464B9AED557ADFED466A186027EE267A4D
:1063C000444BDAED046A83ED007A36EE877A07EE05
:1063D000900A8AED027A9AED057A316877EE277A8B
:1063E00008ADCAED037A3A462846FFF7C9FB95E89F
:1063F00003000AF1180484E80300504694E80600FC
:10640000FFF7FAFB9AED028A9AED039A28EE088AC2
:10641000F0EE487AE9EE097A17EE900A04F070FF80
:106420002D4B18602D4BD3ED008A2D4BD3ED007A08
:1064300068EEE77AB4EEE79AF1EE10FAF1EE677AD9
:1064400004D4B4EEE79AF1EE10FA0ADD3168CAED31
:10645000037A28463A46FFF793FB95E8030084E861
:106460000300DAED037A18EE900AA7EEA78A09F086
:1064700071FC044618EE100A0D4609F06BFC0CA3E3
:10648000D3E9002306460F462046294609F0BAFC08
:1064900022462B4628E000BF48AFBC9AF2D77A3E8E
:1064A000FA7E6ABC7493883F4CCE61E3A79D143E8C
:1064B0009A9999999999F13F601200201C1E002029
:1064C00045F5D63A00170020A01200200000002059
:1064D0003FEDA430040000207C120020281E002084
:1064E00078120020EC1D002009F08CFC02460B46BF
:1064F0003046394609F016FF48B968EEA88AB4EE6E
:10650000E88AF1EE10FA03DD044B01221A70012033
:106510000BB0BDEC048BBDE8F08F00BF4C1D00201C
:106520002DE9F04F2DED0C8B814691B0184608EE09
:10653000102A09EE901A08EE903A09F00BFC024678
:106540000B46CDE902238BA3D3E9002309F084FD98
:1065500009F050FF764B774A1860774BD2ED007AFE
:1065600093ED006A754B764A1B689DED279A92ED74
:10657000007AF1EE696A76EEC85A012BC9ED0F5A1E
:1065800040F08C806F49704B09681A686F4B012985
:106590001B686DD16E490968012940F0C1801A431A
:1065A0006C4B1B681A4340F0BB8069EEA76A25EE6E
:1065B000877AC6EE867AC7EE066A77EEE67A664B8B
:1065C000664CC3ED007A664B664FD3F80080664B8D
:1065D000C3F8008009F58073089309F14003049320
:1065E00009F18003069309F1C0030993D4E900324D
:1065F000134340F0C380049801F08AFE069801F02E
:1066000087FE089801F084FE099801F081FED9ED1B
:106610004E7A9FED567AD9F80030C9F84831F8EE35
:10662000E77AD9F80430C9F85C3167EE877A5048C8
:10663000C9ED037AD9ED3E7AF8EEE77A0EAC67EE53
:10664000877AC9ED027AFFF797FA3968C9F87401B9
:1066500009F108022046FFF793FA94E8030009F1D4
:10666000180383E8030011B0BDEC0C8BBDE8F08F7C
:10667000012A55D1364A1268012A51D1354A126889
:106680000B4313434CD165EEE76A28EE077AC6EE5A
:10669000867AC7EE066A77EEA67A90E7002B3FD19E
:1066A000294B2A4A1B681268012B24D1254B1B68F1
:1066B00053EA02010ED1264B1B68012B30D1254B2A
:1066C0001B68012B2CD168EE276A29EE877AC6EE6B
:1066D000867A70E7012A23D11D4A126813431FD11D
:1066E0001C4B1B68012B1BD166EEA76A25EE877A2F
:1066F000C6EE867ACDE7012A12D1124A1268012A23
:106700000ED1134A126813430AD1124B1B68012B96
:1067100006D165EEA76A28EE077AC6EE867A4AE7C2
:1067200068EE676A29EE877AC6EE867AB1E700BF1F
:10673000941D00207C1D0020E41D0020741D0020FD
:10674000781D0020681D0020701D00206C1D002099
:10675000641D0020601D0020B01D0020A81D002029
:10676000E01D0020A012002060120020000000396F
:1067700000170020AA4C58E87AB6FB3F3E68D24A80
:10678000DFF8E0B3C2ED025A0CAD3146284682ED87
:10679000018AC2ED009AFDF727FCCC4B9FEDCC8A15
:1067A0001B68DFF8A0A395E80300C9F82030C94BA7
:1067B0001B68C9F82430C84B1B68C9F8283089E821
:1067C000030009F1200231462846FDF70DFC07EED3
:1067D000906A95E8030077EEC87A09F12C0383E804
:1067E0000300C7ED007ABD4BBD48BE4D79EE097A76
:1067F00001221A60CDED017AD9F880310093D9F8E1
:106800000020D9F804104346FFF70AF907EE900A72
:10681000B54BDFF85483D3ED006AB44BB04877EE44
:10682000887AC7ED007AD8ED007A87EEA67AD3EDA4
:10683000006A8BED007A87EEA67A85ED007AFFF785
:106840009BF9AB4BCAF8000007EE900A27EEA78A27
:10685000D3ED007A68EE277A17EE900A09F07AFAFB
:1068600095A3D3E9002309F017F909F0C3FDA14B63
:10687000D9ED607A1860A04B93ED00AA9F4B6AEEA9
:10688000277A93ED007AC7EE277A17EE900A09F07F
:1068900061FA89A3D3E9002309F0FEF8984BD3ED00
:1068A000007A68EE277A064617EE900A0F4609F03E
:1068B00051FA02460B463046394609F0EDF809F028
:1068C00099FDF0EE497AFEEEE97A8E4BC9ED1B7A1E
:1068D000DDED267A8C4F1860FEEEE97A97ED007AAE
:1068E0008A4BC9ED147AD9ED017A7D48884E002291
:1068F00027EE878A1A60FFF741F907EE900ADBED71
:1069000000AA68EE277A9AED008AB1EE6A7AFEEE66
:10691000E97AB4EEC87AF1EE10FAC9ED2B7A40F1BB
:10692000FE83F4EEC8AAF1EE10FA40F3F883D4E93E
:10693000000109F07FFE774B774AD3ED007A774F5D
:1069400007EE100AB4EEE77AF1EE10FACABF744B04
:106950004FF4D0331B681360724B734A1A60734B49
:106960003360734B3B60734B4FF07E52F0EEC87A4E
:106970001A6017EE900A09F0EDF9F0EEEA7A044693
:1069800017EE900A0D4609F0E5F94DA3D3E900236F
:1069900009F038FA02460B462046294609F0C2FCA7
:1069A00018B1654B3360654B3B60524B99ED018AE2
:1069B000D3ED009A534BD3ED00AAC9EEAA7AB0EEFC
:1069C000C88A17EE900A04F09BFCDFED5D7A07EEB3
:1069D000100A27EE277AB4EEC87AF1EE10FA09DD34
:1069E000CAEEA97A17EE900A04F08AFC07EE900A24
:1069F00068EE277A494B454E93ED007A444BC6ED3D
:106A0000007AD3ED007A0898F0EE476AB0EE677A24
:106A1000BEEEE97AFEEEE96A17EE101A16EE902A3B
:106A200001F0D0FC474B9FED487AD3ED007AF4EEAD
:106A3000C77AF1EE10FA40F1F9859FED447AF4EE51
:106A4000C77AF1EE10FA40F3F185414BD3F800809C
:106A5000404B07EE908A93ED008AF8EEE77AF4EE69
:106A6000C87AF1EE10FA40F1E1853B4F386809F041
:106A70005FF93A4B044618680D4609F06BF9024677
:106A80000B460020364909F0E7FA02460B4620463D
:106A9000294609F047FC002800F0C885D9F878207D
:106AA0001D4941F6CC4082FB002000280B6862DAC9
:106AB0005CE000BFAFF30080FA7E6ABC7493883F4D
:106AC0009A9999999999E93F2C1E002098120020D3
:106AD000DB0FC93F9412002090120020101E0020EE
:106AE00000170020441D0020D41D0020D01D0020D0
:106AF000F42A0308181E0020E82A0308F82A0308CD
:106B0000401D0020141E0020F81D00209C120020B3
:106B100080120020D81D0020641200208412002062
:106B2000F01D0020741200200000A2420000D0C11D
:106B30000000D041781200200000A0C10000A04158
:106B40000000E0421C1E002000008C4300008CC3AB
:106B50000C1E00203C1D0020081E0020601200209A
:106B600000C08240481D0020941D002041F6FF74A3
:106B7000121940F10000520B42EAC042934211DA6E
:106B800043F6991283FB0232002A04DA41F6FF70C1
:106B90001B1842F100025B0B43EAC2430B60CC4B73
:106BA000CC4A1A6008F1010307EE903AF8EEE77A52
:106BB000C94AB4EEE78AF1EE10FA136002D5002359
:106BC0003B601360C54C04982268514201F0FAFB07
:106BD000C34B1B782BB1C34B22681968049801F092
:106BE000F1FB049801F094FBBF4B93ED008A18EE83
:106BF000100A09F0AFF8AEA3D3E9002309F092FB25
:106C000008B3DFEDBA7AB4EEE78AF1EE10FA1AD5DE
:106C1000D9ED757A99ED617A77EEC77A09F5C27385
:106C200077EE887A09F5E872C9ED757A596843F804
:106C3000041B9342FAD1F3EE046A87EEA67A89ED3B
:106C4000748A89ED767AA24B99ED767AD3ED007A43
:106C5000B4EEE77AF1EE10FA08D4DFEDA57AB4EEDF
:106C6000E77AF1EE10FAD8BFF0EE477AA14BC6ED05
:106C7000007AD3ED007A2468FEEEE97AE11717EE88
:106C8000902A4903D317600341EAD44109F012FF67
:106C9000C5176D0345EAD04544039748FEF76EFFDC
:106CA0009FED967A07EE900A67EE877A2046FDEE12
:106CB000E77A294617EE902AD31709F0FBFE904B8E
:106CC000024618604142069801F07CFB8D4B1A7811
:106CD000002A00F0B0840122C9F8902000221A7026
:106CE000D9ED007A0998FEEEE97AC9ED3B7AD6ED46
:106CF000007A854EFEEEE97AC9ED347A01F008FBA0
:106D0000D9ED3E7A0698FAEEE97AC9ED047A01F0F7
:106D1000FFFA7E4BD9ED017A93ED008A7C4B7D4AD8
:106D2000D3ED006A7C49FEEEE97AB4EEE68AF1EE34
:106D300010FAC9ED4B7A40F184841368774807EE66
:106D4000903A90ED007AF8EEE77AF4EEC77AF1EE39
:106D500010FA40F17684D1ED007AF8EEE77AB4EEDD
:106D6000E77AF1EE10FA40F16C84013307EE903AC5
:106D7000F8EEE77A6A481360B4EEE77A00683060AC
:106D8000F1EE10FA02D500230B60136018EE100A22
:106D900008F0E0FF044630680D4608F0DBFF46A32C
:106DA000D3E9002309F02EF802460B462046294677
:106DB00009F09AFA5B4C002800F04C84236841F6F5
:106DC0003D2283FB0232002A04DA41F6FF715B1890
:106DD00042F100025B0B43EAC243534D414F236033
:106DE000C9F8103140F6CC46062348462B70FFF711
:106DF0008BF9D0B12978012940F042844B4B1C68B3
:106E0000204604F0B7F84A4B07EE900A93ED008A4B
:106E100068EE277A2046C9ED077A04F077F807EE86
:106E2000900A28EE278A89ED068A424B93ED008A64
:106E3000414B83ED008A3D4BD3ED009A19EE900A49
:106E400008F088FF044618EE100A0D4608F082FF8D
:106E5000D9F81C80CDE90401404608F07BFFF5EE2F
:106E6000C09AF1EE10FAD9F8186082468B46C0F24B
:106E70005F8413A3D3E900232046294609F034FA9E
:106E8000002800F055842D4B0022DDE9040108F0B4
:106E9000B9FFDDE9022309F0DFF8044630460D466C
:106EA00008F058FF08A3D3E9002349E0AFF30080BE
:106EB0007B14AE47E17A843F713D0AD7A370ED3F62
:106EC00061732D3852C1F03FAA4C58E87AB6FB3FA7
:106ED000741200200000E0420C1E0020641200200A
:106EE0005C1D00208C1D00209C12002000002F44FF
:106EF0000000E042F81D00200017002000000046BE
:106F000068120020841D002070120020B01D002097
:106F1000EC2A0308041E0020001E0020381D00205B
:106F2000F02A0308501D00204C1D0020241E0020C4
:106F3000281E0020E41D0020601200200000F83F01
:106F400006460F465046594609F086F802460B465B
:106F50003046394608F09EFD02460B46204629463B
:106F600008F050FF09F046FA0FF23043D3E900234E
:106F700009EE900ADDE9040108F044FFDDE902238F
:106F800009F06AF852465B4608F03CFF09F032FA15
:106F900007EE900A39EEA76A0022B4EEC68AF1EE37
:106FA00010FAB4EEC68AC8BF86EE087A4FF0010325
:106FB000D8BFB7EE007AF1EE10FACCBFC7EE886A00
:106FC000C7EE866AD049D148C1ED009A012101601F
:106FD000CF480260CF4800220260CF48C0ED007A5F
:106FE000CE480360CE4B1960CE4B1A60CE4B83ED7A
:106FF000007ACE4B9FEDCE7AC3ED006ACD4BC24FE7
:10700000DFF8148383ED007AD7ED007A98ED007AEB
:10701000C94BCA4A77EE877A38EE678A83ED008AD1
:10702000D9F8DC319342DCBF0133C9F8DC31D9F83F
:10703000DC2144F620639A4240F37586D9F82C008F
:1070400008F088FECDE90201D9F8000008F082FEC0
:10705000A5A3D3E9002308F0D5FE8246B8488B46A5
:10706000FEF78AFDDFEDB77A99ED018A6AEE277A9D
:10707000064617EE900A08F06DFE9DA3D3E90023A3
:1070800008F008FD04461AEE100A0D4608F062FEEC
:1070900002460B462046294608F0DEFF04463046ED
:1070A0000D4608F057FE02460B462046294608F0DA
:1070B000A9FE044618EE100A0D4608F04BFE0246E3
:1070C0000B462046294608F09DFE02460B465046D8
:1070D000594608F0DFFC02460B46DDE9020108F0E4
:1070E000D9FC09F087F9DFED987AB4EEE78AF1EE82
:1070F00010FA07EE100A40F1CA85F9EE006AB4EE04
:10710000E69AF1EE10FA00F14E86DFED906AB4EEE9
:10711000E68AF1EE10FA00F3C18500F0D2BDD5ED9C
:10712000007ADFED889AB4EEE78AF1EE10FA04D522
:10713000F4EEC8AAF1EE10FA0DD4F1EE677AB4EECF
:10714000E78AF1EE10FA40F36981B4EEC87AF1EE05
:1071500010FA40F363817E4B33607E4B7E4A1A60A7
:107160007E4B7F4A1A607F4BDFF83882186808F040
:10717000F1FD28EE298AD8ED007AC7EE887A044618
:107180000D4617EE900A08F0E5FD00224FF080430F
:1071900003F0B2FF744B064618680F4608F0DAFD9C
:1071A00002460B463046394608F074FC04F06CF891
:1071B0006E4E02460B462046294608F023FED6EDC9
:1071C000007A98ED007A67EEA97A0446C7EE277A2E
:1071D0000D4617EE900A08F0BDFD00224FF08043E7
:1071E00003F08AFF02460B4643A1D1E9000108F0F3
:1071F00051FC04F049F802460B462046294608F0A7
:1072000001FE5B4B044618680D4608F0A3FD0246DC
:107210000B462046294608F01FFF0022554B08F078
:10722000F1FD09F09FF8D6ED009A534BF0EEE97AA4
:10723000186017EE900A08F08DFD504BD3ED007AE0
:10724000F0EEE77A044617EE900A0D4608F082FD4C
:107250002BA3D3E9002308F0D5FD02460B462046B8
:10726000294609F05FF89FED467ADFED467A464BF6
:10727000002808BFF0EE477AC3ED007AD9ED017A15
:10728000424BB0EEE78AD3ED007A414BD3ED00AA32
:10729000404B93ED00BA404BCAEE8BBA69EEA79A09
:1072A000D8ED007A87EEA9CAD3ED007A7BEEA77AF3
:1072B00017EE900A04F024F809EE900A1BEE900AEB
:1072C00004F01EF8CCEE297A07EE100A67EE877AF2
:1072D000F4EEC87AF1EE10FA66DDCBEE2A7AFFF70B
:1072E00081BB00BFAFF30080FA7E6ABC7493883F15
:1072F0003FABCC94D6DFC23E0000000020B6004178
:107300009A9999999999F93F7C1D0020741D002044
:10731000701D00206C1D0020781D0020681D0020BD
:10732000641D0020601D0020A01D00209C1D002069
:1073300000000000981D0020801D00208F5F0100CC
:107340000017002045F5D63A0000D2C10000D24116
:10735000666666C184120020666666417812002067
:1073600008AC7C3FF81D0020CC1D00201C1E002016
:10737000B81D00200000C04064120020481D0020FD
:1073800066665E420000484274120020EC1D002038
:10739000181E0020141E0020BC1D0020AA4C58E816
:1073A0007AB6FB3F941D0020D9ED1E7AFAEEE97AF9
:1073B00017EE900A08F0CEFCC54B04460D4600229D
:1073C00008F020FD22462B4608F01CFDC14B044668
:1073D00018680D4608F0BEFC02460B4620462946BA
:1073E00008F03AFE02460B46B3A1D1E9000108F0CD
:1073F00051FB03F049FFB84B002208F003FD0246A1
:107400000B46AFA1D1E9000108F044FB03F03CFFBB
:1074100008F0F0FF07EE900AFFF7ECBA386808F0C2
:1074200099FC28EE298AD8ED007AC7EE887A0446BE
:107430000D4617EE900A08F08DFC00224FF08043B5
:1074400003F05AFEA54B064618680F4608F082FC6A
:1074500002460B463046394608F0FEFD22462B46D2
:1074600008F0D0FC9E4B9F4E002208F0CBFC08F0A9
:1074700079FF9D4B96ED00BA18609C4B4FF041424E
:107480001A609B4B4FF082421A609A4B9A4A1A60DC
:10749000F0EECB7A17EE900A08F05CFC974BD3ED38
:1074A000007AF0EEE77A044617EE900A0D4608F0EF
:1074B00051FC85A3D3E9002308F0A4FC02460B4647
:1074C0002046294608F02EFF9FED8D7ADFED8D7A5C
:1074D0008D4B002808BFF0EE477AC3ED007A8B4B46
:1074E000D9ED017AD3ED00AA894BB0EEE78AD3ED4E
:1074F000007A884BD3ED00BA874B93ED00CA874BD7
:10750000CBEE8CCA2BEE27BAD3ED007A8AEE8BDA5B
:107510007CEEA77A17EE900A03F0F2FE0BEE100A4B
:107520001CEE900A03F0ECFECDEE0B7A07EE100A8B
:1075300067EE877AF4EEC87AF1EE10FA03DDCCEE4E
:107540002B7AFFF74FBA6AEEAA7A17EE900A08F084
:1075500001FCCDE90A011AEE900A08F0FBFB5C4B36
:10756000002203F0C9FD07463068884608F0F2FBA8
:10757000574B002203F0C0FDD9ED1E7AFAEEE97AEE
:10758000044617EE900A0D4608F0E4FB00228246FE
:107590008B464F4B2046294608F034FC604B04468E
:1075A00018680D4608F0D6FB02460B4620462946D1
:1075B00008F028FC52465B4608F024FC52465B4625
:1075C00008F020FC434B044618680D4608F0C2FB47
:1075D00002460B462046294608F03EFD02460B4671
:1075E0003846414608F056FA03F04EFE02460B4676
:1075F000DDE90A0108F050FAD6ED007A67EEA97AC3
:10760000044617EE900A0D4608F0A4FB00224FF046
:10761000804303F071FD02460B4608F03DFA024636
:107620000B462046294608F017FDEFE63D4A136851
:107630000133FFF7C6BAD9F87830C9F89030FFF7B0
:107640004FBB0B68C6ED006A01330B601368013B4A
:10765000FFF79BBB344BD3ED007A344BB4EEE78A93
:10766000F1EE10FA01DC1A7832B100221A702368A8
:1076700041F69912FFF7A5BBD9F8B830FFF7ADBBBB
:10768000236883FB0632002A04DA41F6FF701B18D8
:1076900042F100025B0B43EAC243C9E94C333A684A
:1076A0002360C9F810314B1EC9F82421DBB2FFF763
:1076B0009CBB00BFAFF30080000000809145D74124
:1076C0000000000020B6F040666666666666F63F1B
:1076D00000001040C01D00200000E03FB41D00204D
:1076E0000000C0401C1E00206412002080120020F8
:1076F0008412002078120020E926713F441D0020EA
:107700000000444200000C4274120020941D00202E
:10771000EC1D0020181E0020141E0020BC1D00209F
:10772000C41D0020081E00206C120020541D0020E3
:10773000DDA3D3E900232046294608F0E9FD00280F
:1077400071D0C1A3D3E900232046294608F0CCFD1F
:10775000002868D0C84B0022DDE9040108F052FB84
:10776000044630460D4608F0F5FAC44B06460F466F
:1077700000222046294608F045FBDDE9022308F0F7
:107780006BFCADA3D3E90023CDE904015046594673
:1077900008F038FB32463B4608F07EF902460B46BD
:1077A000DDE9040108F02EFB08F024FEDDE90223E8
:1077B00009EE900A2946204608F04EFCAF4B002205
:1077C00008F020FB9EA3D3E9002304460D46504653
:1077D000594608F041FC32463B4608F05BF9024648
:1077E0000B462046294608F00DFB08F003FE07EE85
:1077F000900A39EEA76A0122B4EEC68AF1EE10FAB9
:10780000B4EEC68AC8BF89EE887A4FF00003D8BFAD
:1078100089EE867AF1EE10FACCBFC6EE086AF7EE72
:10782000006AFFF7CFBB88A3D3E90023204629468F
:1078300008F06EFD924F002875D085A3D3E9002390
:107840002046294608F050FD00286CD07CA3D3E9DF
:107850000023DDE9040108F0D5FADDE9022308F090
:10786000FBFB52465B4608F0CDFA08F0C3FD854BA2
:107870001860854B01241C60844B00251D6009EEB7
:10788000900A3D6088F0004008F064FA8246304675
:107890008B4608F05FFA6AA3D3E9002308F0B2FA36
:1078A00002460B465046594608F0F4F86AA3D3E95D
:1078B000002306460F46DDE9040108F0A3FADDE9DE
:1078C000022308F0C9FB02460B463046394608F051
:1078D00099FA08F08FFD06EE900A79EEA67A6C4BC5
:1078E000B4EEE78AF1EE10FAC8BF87EE887A186026
:1078F000684B1D60684B1C60684B1C60684B4FF008
:1079000000021A60B4EEE78A664BD8BFB7EE007A81
:10791000F1EE10FA83ED007ACCBF86EE887A86EE1F
:10792000A77AFFF76BBB4EA3D3E900232046294675
:1079300008F0EEFC002800F0BB804BA3D3E9002345
:107940002046294608F0D0FC002800F0B1804A4BC0
:107950000022DDE9040108F055FA484B002208F046
:1079600051FADDE9022308F077FB044686F0004077
:107970000D4608F0EFF932A3D3E9002306460F467F
:107980005046594608F068FB02460B4630463946D9
:1079900008F082F802460B462046294608F032FAE3
:1079A00008F028FD374B1860354B00251D60364B1D
:1079B00001241C60354B09EE900A1C60DDE90401CE
:1079C0002BA3D3E9002308F01DFADDE9022308F018
:1079D00043FB52465B4608F015FA08F00BFD07EE34
:1079E000900A79EEA77A2A4BB4EEE78AF1EE10FA04
:1079F000C8BF89EE887A1860264B1D60264B1D6033
:107A0000264B1C60264B4FF00002D8BF89EEA77AA8
:107A10001A60244B83ED007AB4EEE78AF1EE10FA97
:107A200003DD87EE887AFFF7E9BAB7EE007AFFF751
:107A3000E5BA00BFAFF300801D339045A779E23F60
:107A4000AA4C58E87AB6FB3F61732D3852C100400A
:107A5000112D4454FB210940AA4C58E87AB6EB3F5B
:107A6000112D4454FB2109C061732D3852C100C04F
:107A7000AA4C58E87AB6FBBF000008400000E03F7F
:107A8000741D00207C1D0020701D00206C1D002036
:107A9000781D0020681D0020641D0020601D00204E
:107AA000A01D00209C1D002061732D3852C1F03FA5
:107AB000304608F04FF9E8A3D3E90023CDE90601E9
:107AC0002046294608F024FC002876D0E4A3D3E918
:107AD00000232046294608F007FC00286DD0CAA3E1
:107AE000D3E90023DDE9040108F08CF9CA4B002238
:107AF00008F088F9DDE9022308F0AEFA044686F0C2
:107B000000400D4608F026F9BFA3D3E9002308F092
:107B100079F952465B4607F0BDFF22462B4608F036
:107B200071F908F067FCBD4B1860BD4B4FF0000ABF
:107B3000C3F800A0BB4BC7F800A04FF0010B09EE43
:107B4000900AC3F800B088F0004008F003F9AEA333
:107B5000D3E9002306460F46DDE9060108F052F995
:107B600002460B463046394607F096FF22462B4622
:107B700008F048F908F03EFC07EE100A79EE877A23
:107B8000A94BB4EEE78AF1EE10FAC8BFC7EE086A57
:107B90001860A64BC3F800B0A54BC3F800A0A54BD6
:107BA000C3F800B0A44B4FF00002D8BFC7EE276A5D
:107BB000C3ED006AA14B1A602EE7DDE9040303F16F
:107BC0000041DDE9022308F047FA8FA3D3E900233F
:107BD00008F018F952465B4608F014F908F00AFC60
:107BE0008E4B18608E4B00241C608E4B012509EED5
:107BF000900A3D601D600022914BDDE9040108F010
:107C000001F9854B002208F0FDF8DDE9022308F0B8
:107C100023FA7DA3D3E9002306460F465046594672
:107C200008F01AFADDE9062307F036FF02460B4694
:107C30003046394608F0E6F808F0DCFB07EE900A1B
:107C400079EEA77A784BB4EEE78AF1EE10FAC8BF66
:107C500087EE887A1860754B1D60754B1C60754BFC
:107C60001C60754B4FF00002D8BFB7EE007A83ED71
:107C7000007AB4EEE78A714BF1EE10FAC8BF89EED4
:107C8000887A1A60D8BF89EEA77AFFF7B7B9DFED17
:107C90006D6AB4EEE68AF1EE10FA0DDDF1EE006ADF
:107CA000B4EEE69AF1EE10FA7DDCF9EE006AB4EE7D
:107CB000E69AF1EE10FA78D4B4EEE78AF1EE10FA13
:107CC00076D5F1EE007AB4EEE79AF1EE10FACCBF79
:107CD0004FF0FF33002307EE903AF8EEE77A5A4A66
:107CE00067EE877A136017EE900A08F033F848A31E
:107CF000D3E9002308F086F80446D9F880010D4640
:107D000008F028F80B4602462946204607F0C4FE34
:107D100008F070FB07EE900A8AEE277A4B4BC9F801
:107D2000800183ED007A4A49D8ED005AD1ED004A2E
:107D3000484B97ED004A1B6885EEA46A012BB0EE14
:107D4000087A28EE865AC4EE246AC5EE077A40F017
:107D50008B803648324B00681A68324B01281B680A
:107D600028D133480068012840F0F5801A43314B90
:107D70001B681A4340F0EF8036EEA65A66EEE86ABA
:107D800025EE285A36EE066AC5EE075A86EE875A61
:107D900026EE286A75EEA75A75EE276AC6EE077AB0
:107DA00075EE677AAAE0012395E74FF0FF3392E77B
:107DB000002390E7012A40F0CE801D4A1268012A74
:107DC00040F0C9801B4A12680343134340F0C3804C
:107DD00036EE066A68EEA66A26EE286A86EE875AAE
:107DE000C6EE076AB8EE006A24EE064A75EE675AD8
:107DF00084EE246A76EE856A26EE286A86EE075AB5
:107E0000CEE700BFAFF30080AA4C58E87AB6FB3F3C
:107E1000DF413ADC11C5293E0000E03F7C1D002017
:107E2000701D00206C1D0020781D0020681D0020A2
:107E3000641D0020601D0020A01D00209C1D00204E
:107E4000000008400000D241101E0020581D0020F4
:107E500060120020741D002061732D3852C100C0D3
:107E600061732D3852C1F0BF28EEA66A002B72D183
:107E7000444B454A1B681268012B4DD1434B1B688C
:107E800053EA02001ED1424B1B68012B63D1414BC8
:107E90001B68012B5FD175EEA55AF1EE466A86EE9E
:107EA000875AC5EEA46A36EE066A66EEA86AC6EE82
:107EB000875AC6EE076A75EE655A76EEA76A75EEC2
:107EC000277A1BE0012A46D1314A1268134342D176
:107ED000304B1B68012B3ED1F1EE466A76EEA66A66
:107EE000C6EE074AC6EE875A35EE055A75EEE75AD2
:107EF00074EEE76AC5EE077A77EEA47A264BC3EDF7
:107F0000005A264BC3ED006A254BC3ED007A254B82
:107F10001B680B60FEF7A7BB012A1CD11B4A126825
:107F2000012A18D11A4A1268134314D1194B1B683D
:107F3000012B10D135EE055AF1EE465AC5EE876A8F
:107F4000C5EE074A36EE066A76EEA75A86EE075A5F
:107F500076EEE46AB3E775EEA55A68EEA66A85EE9A
:107F6000A46A86EE875AF1EE666A26EE286A76EEF5
:107F7000A66AC6EE075A86EE876A75EE855A76EED1
:107F8000676A0DE7701D00206C1D0020681D002031
:107F9000641D0020601D0020981200209412002013
:107FA00090120020E01D002070470000000000003B
:107FB0002DE9F8439E4B9FED9F7ADFF8F082DFF8C2
:107FC000F09200222DED068B1A605A609A609A4B4F
:107FD0009A4AD3ED009A9A4B9FED9A8AD3ED008A84
:107FE000C7EE297AFDEEE77AC2ED007A964AC2ED35
:107FF000007A68EE887A17EE900A07F0ABFE024628
:108000000B4681A1D1E9000108F026F802460B4693
:1080100000208E4907F03EFD08F0ECF909EE100A49
:10802000C8F8000018EE900A07F094FE02460B46CE
:1080300077A1D1E9000108F00FF808F0DBF9DFEDD6
:10804000847AC9F8000008EE900A68EEA77A29EE53
:1080500009AA17EE900A07F07DFE6FA3D3E900236B
:1080600007F0D0FE08F0C6F97A4B07EE900A1860C8
:10807000FEEEE97A784BC3ED007A69EE087A774B29
:1080800018EE900AC3ED007A07F064FE064619EE7A
:10809000100A0F4607F05EFE6AEE087A704B67EE34
:1080A000887A044667EE887A0D4667EE887A32460B
:1080B00087EEA87A6B490020C7EE287AC3ED007AD4
:1080C000694BD3ED007A694B79EEE77AC3ED007A1C
:1080D000674BC3ED009A3B4607F0BEFF32463B4676
:1080E00007F0BAFF08F086F9624B18601AEE100A22
:1080F00007F030FE064619EE900A0F4607F02AFEFA
:1081000002460B4646A1D1E9000107F0A5FF08F0A1
:1081100071F99FED597ADFED597A594BEAEE077AFA
:10812000186017EE900A03F0EBF807EE900A554B33
:1081300067EE887A0022C3ED007A3046434B394619
:1081400007F0AAFC224606460F462B462046294643
:1081500007F0A2FC22462B4607F054FE02460B46CF
:108160003046394607F078FF03F08EF82EA3D3E9A6
:10817000002307F047FE08F03DF998ED007ADFEDA7
:10818000427A424B424C186067EE277A414B67EEC9
:10819000877A17EE100AC3ED007A67EE077A3E4B36
:1081A000C4ED007A67EE887A67EE887A67EE887A9F
:1081B00067EE887AC3ED007AD9ED007A374BC7EEC7
:1081C000A76AC3ED006A07F0C5FD4FF040430022E7
:1081D00002F092FF08F00EF9314B94ED007A18602E
:1081E000F7EE007A77EEC77A2E4BBDEC068BC3ED27
:1081F000007AD8ED007A2C4B77EEA77AC3ED007A9F
:10820000BDE8F883AFF300803FABCC94D6DFC23E2D
:10821000DF0033DFC14FDC3EAFDE956C430A7640B2
:1082200048E17A14AE47C13F000000E0E76AE33F4F
:108230002C1E00200080984460120020081E0020A0
:10824000E82A030845F5D63A001E00200000F03F5A
:108250000000E042F41D0020F01D0020EC1D002075
:10826000E81D002000001040FC2A0308E41D002047
:10827000E01D0020DC1D002000E2F2470000444623
:10828000D81D0020D41D002000B10548D01D0020BD
:10829000C81D0020CC1D0020C41D0020C01D0020D2
:1082A000BC1D0020B81D0020B41D0020FC1D0020B6
:1082B000F81D00200022DFF82CC00261C0E9002276
:1082C000C0E90222C0E90722C0E90922C0E90B2265
:1082D0004FF4E10142634FF4A032C0E905C1C0E9A7
:1082E0000E22704700808FFF10B54361029B8361AF
:1082F0004FF4A03300248363039BC163C0E90744A8
:10830000C0E90A11C0E90C220261C360446210BDD9
:10831000D0E903120029F0B54EDD036B93424BD038
:1083200047DA0B44934247DC0363D0E90B35ED1A7F
:108330000368C56185FB0332002A04DA41F6FF7148
:108340005B1842F100025B0BD0F824C043EAC24440
:10835000436805EB0C0183FB0126002E04DA41F68D
:10836000FF77D21946F10006520B42EAC64246692F
:108370002244B24202DD8769BA4201DBACEB05015F
:10838000416283FB0131002904DA41F6FF729B1838
:1083900041F100015B0B43EAC14323449E420DDAE5
:1083A0008269934200DA836382699A42B8BF82632A
:1083B00006E05B1A9342B7DA0263B6E7F4DD866340
:1083C000806BF0BDC0E905127047C0E90012836000
:1083D000704700002DE9F04385B00D469DF83890B8
:1083E000134C16461F46F9F77DFB1249D0F804805E
:1083F0002068FAF781FDB9F1000F17D00E49206807
:10840000FAF77AFDDDED0C7A9DF934300393CDE96E
:108410000067FEEEE97A0949CDED027A20682B4625
:108420004246FAF769FD05B0BDE8F0830449E6E786
:108430003C1E0020082B03080D2B0308152B0308F6
:10844000112B030870B504460846F9F745FF2021B3
:108450000546F9F7F5FE03782BB910492046BDE82B
:108460007040FAF749BD002300F8013B0D21F9F7F0
:10847000C5FF06462846F9F711FB902807D031467C
:10848000F9F7B6FA08B90649E8E70649E6E72A46E1
:1084900020460549BDE87040FAF72EBD292B030898
:1084A000442B03084D2B0308622B03082DE9F843E6
:1084B00006460846F9F710FFDFF84480DFF84490DD
:1084C00004462C212046F9F7BBFE002307780370F1
:1084D00005462046F9F7E2FA90280DD0F9F7A0FA00
:1084E0004946024630462C46FAF706FD2C2F04F882
:1084F000017BE6D0BDE8F88322464146F2E700BFA3
:108500007E2B0308792B0308F8B505460846F9F7D2
:10851000E3FE20210746F9F793FE037804462BB9C2
:1085200019492846BDE8F840FAF7E6BC0023037075
:108530003846F9F7B3FA902806461ED06378212B07
:108540000AD07E2B08D02F2B06D01048611CF9F7DB
:1085500059FE68B10E49E4E70C48A11CF9F752FE38
:108560000028F7D101213046F9F7E4FA0949D8E7A4
:1085700001213046F9F7D6FAF8E73A462846064987
:10858000BDE8F840FAF7B8BC982B0308A82B0308FD
:10859000AF2B0308BE2B0308622B03082DE9F04F15
:1085A00004468BB00846F9F797FE434990F80090CF
:1085B000DFF828A12046FAF79FFC00274FF020089B
:1085C000FEB23046F9F78EFA05463046F9F7BAFAA8
:1085D000C30702D5B9F1680F50D16B68AA68B5F826
:1085E00018B0059330460492F9F71AFA049A059BDD
:1085F00032490092CDE901B042462046FAF77CFCB0
:108600000DF11F0303930DF11E03029309AB0193B8
:108610000DF11D030093DAF8000007AB08AA3146FC
:1086200001F033FDD8B1DDED097A9DF81F00244B30
:10863000DFF8ACC09DF91E109DF91D200092FEEEE2
:10864000E97A002818BF6346CDE90213089A9DF81D
:108650001C301C49CDED017A2046FAF74DFC30461E
:10866000F9F776FAD8B13046F9F772FA012816D040
:1086700015492046FAF740FC4FF02C0801378F2FA0
:108680009ED1124B1249D3F8182A2046FAF734FC2F
:10869000104920460BB0BDE8F04FFAF72DBC029709
:1086A0002B6801936B690093D5E903230A4920469F
:1086B000FAF722FCE0E700BFDA2B0308DC2B030803
:1086C000D42B03080A2C0308CF2C03080070FF1FCB
:1086D000A52C0308E02C0308572C0308381E0020A3
:1086E000CF2B03082DE9F0472DED028B8AB00DF159
:1086F000140A0D46142200210446504608F0B4FA2C
:108700002846F9F7E9FD90F80090B9F1700F0DD106
:108710005C4B5D4D18685D492C6001F017FD00232E
:108720002B600AB0BDEC028BBDE8F087B9F1630F96
:108730000CD1544B186801F059FD554920460AB038
:10874000BDEC028BBDE8F047FAF7D6BB2021F9F764
:1087500077FD03780BB94F49F0E7F9F7BDFD20210C
:108760000746F9F76DFD0378054613B9B9F1640FB3
:10877000F1D1002605F8016B3846F9F78FF98046EC
:108780002846F9F7A9FDB8F1900F054601D14249F5
:10879000D4E7B9F1640F0ED13A4B4146186801F0A5
:1087A0003CFC3E49024620460AB0BDEC028BBDE8C7
:1087B000F047FAF7A1BBB7EE008A20212846F9F767
:1087C0003FFD037807460BB9022EC4DD002307F8EE
:1087D000013B2846F9F767FD032E0DD110212846ED
:1087E000F9F70CFE08EE100A3846F9F775FDBAEEF7
:1087F000C88A05460426E0E74AF826003846F9F715
:108800006BFD0136052E0546D7D1DDE90576079DBE
:108810001C4B9DF92410186802916AB2B9F1740FCB
:108820000092F3B28DED018A3A46414609D101F03A
:1088300016FE431D042B15D8DFE803F00F120C09B8
:10884000060001F01EFEF4E715493A46ABE715496C
:108850003246A8E714492A46A5E714493A46A2E752
:1088600013496BE7134A144B14490128C8BF134638
:10887000024620460AB0BDEC028BBDE8F047FAF78D
:108880003BBB00BF381E00203C1E0020D5830208E1
:10889000E62C0308082D03081B2D03082F2D0308C1
:1088A000442D0308582D03086C2D0308802D030860
:1088B000A82D03083A0F030886210308C42D0308D6
:1088C00010B5044606F03CFA0221012006F07CFABD
:1088D00072B6094B186801F0A7FE08492046FAF75E
:1088E0000BFBFAF775FC064902462046FAF704FB33
:1088F000BDE8104006F032BA381E0020EE2D030805
:10890000FE2D030810B5044672B6FAF7A9FC62B64C
:1089100040B98F20F8F7C0F803492046BDE8104061
:10892000FAF7EABA0149F8E71A2E03082E2E0308CF
:1089300008B507F04BF82DE9F047002504468946B5
:108940001746A8462C212046F9F77AFC90F800A09B
:1089500080F8008006462046F9F7A0F834469028B3
:1089600004F801AB18BF09F80500337818BF0135CA
:108970002C2B01D1BD42E5D32846BDE8F08700008D
:108980002DE9F04F044687B00846F9F7A5FC0646E6
:10899000F9F789FC202105463046F9F751FC0378A8
:1089A00033B92449204607B0BDE8F04FFAF7A4BA1E
:1089B0000DF10C080A2241460130FFF7BCFF0746C3
:1089C0002046F9F7FBF92046F9F7F4F920B307B090
:1089D000BDE8F08F18F806000192F9F721F8019A26
:1089E000034649462046FAF787FA01365246BE4208
:1089F000F0DB11492046FAF77FFA6A1C04D12046C1
:108A0000F9F7D8F990B1E2E72046013DF9F7D2F93C
:108A10000028DCD155B9DAE7002D01DC6B1CD6D17A
:108A2000DFF818B0DFF81890DFF818A05A460026D3
:108A3000DDE700BF442E0308300D0308862103083C
:108A4000632E03081020030810B404460846646827
:108A500011461A4623465DF8044B184783681847A9
:108A600010B5064B5B201C68F8F7E0FF00220146BA
:108A70002046BDE8104001F0B4BE00BF841E0020B7
:108A80002DE9F84304465B200D46F8F7CFFFA042DE
:108A90006FD15C202F686E68374CDFF8E490F8F7F0
:108AA000D9FF4FEA9778B0B16B6823F07F436B60D2
:108AB00005F09EFF0221284605F0A8FFC0B2B0EBEA
:108AC000166F08D01320FAF781FF2378042B11D8F2
:108AD000013323700EE0C6F38133984503D199F832
:108AE0000030434501D11420EDE72378013BDBB290
:108AF000032BEED94D2089F80080F8F797FF2378F3
:108B0000042B05462BD806F045FF1C4BC7F3056127
:108B100018608220F8F7A8FFC6F30741642928BF30
:108B200064217A20F8F7A0FF2020F8F77FFF830761
:108B300009D5C7F30B017820F8F796FFC7F30B317F
:108B40007920F8F791FF022D01D0042D04D1C6F34E
:108B50000D017420F8F788FF0120BDE8F88300219B
:108B60007A20F8F781FF022D01D0042DF4D10021E5
:108B7000EFE70020F1E700BF591E0020741E00201F
:108B8000581E00208188006806F056B98188006868
:108B900006F054B9074A084908B500231370074A7C
:108BA0001370074B186001F00DFEBDE80840FFF799
:108BB00057BF00BF581E0020781E0020591E0020FD
:108BC000841E002010B504466520F8F72FFF012809
:108BD00004D12046BDE81040FAF7F8BE10BD2DE9DB
:108BE000F8437C20F8F722FF05467D20F8F71EFFAA
:108BF00007460F20F8F71AFF10F0020F4FF07B0026
:108C00000CBF4FF001084FF0FF38F8F70FFF064692
:108C10002020F8F70BFF10F004045CD10F20F8F7C8
:108C200005FF042825D18720F8F714FFD0B9882044
:108C3000F8F710FF00280CBF01244FF0FF34F9F7BC
:108C4000F1FC80460E20F8F7F1FE804501DBBC42C6
:108C500002D1002ED8BF254629467C20BDE8F84326
:108C6000F8F702BF8820F8F7F5FE0028DFD00025CE
:108C7000E5E70F20F8F7DAFE10F0010F4FF087005C
:108C800013D1F8F7E7FE50B98720F8F7E3FEC0B933
:108C90008820F8F7DFFEE0B1C8F10004CFE78820B4
:108CA000F8F7D8FE0028E2D1EEE7F8F7D3FE8146C8
:108CB0008820F8F7CFFE8145D9D08720F8F7CAFE83
:108CC00008B14446BBE78820F8F7C4FE0028B6D0B8
:108CD000E2E72C46B3E7BDE8F883000008B5FAF7F1
:108CE0000BFF40B15120F8F7A1FE022807D020F079
:108CF0000200012809D00548FFF748FF05E00348B6
:108D0000FFF744FF0248FFF73DFF08BDF0190020C0
:108D1000D819002038B58220424DF8F787FE2B780D
:108D2000002818BF43F001032B70044606F032FE02
:108D30003D4B1B68C01A312809D92B783BB1002163
:108D40008220F8F791FE0420FAF740FE002437480D
:108D5000F7F7D4FB04F0010340EA0301C9B2832012
:108D6000F8F782FE3248F7F7C9FBC4F3400340EA44
:108D70000301C9B28420F8F777FE2E48F7F7BEFB4F
:108D8000C4F3800340EA0301C9B28520F8F76CFE02
:108D90002948F7F7B3FB01468620F8F765FE274818
:108DA000F7F7ACFBC4F3C00340EA0301C9B2872064
:108DB000F8F75AFE2248F7F7A1FBC4F3001340EA84
:108DC0000301C9B28820F8F74FFE1E48F7F796FB5B
:108DD00001468920F8F748FE14F020011A4C1DD1F5
:108DE0002378032B03D01948F7F788FB01468C2022
:108DF000F8F73AFE237813F0FB0F11D01448F7F779
:108E00007DFB01468A20F8F72FFE1248F7F776FB24
:108E1000BDE8384001468B20F8F726BE0121E6E781
:108E200038BD00BF711E0020741E0020481A0020AB
:108E3000401A0020381A0020301A0020281A00207A
:108E4000201A0020181A00201C190020081A0020DF
:108E5000001A0020F81900202DE9F843DFF8E89106
:108E600099F80030032B04460F4640F08E806C4882
:108E7000F7F744FB06466B48F7F740FB06EB400666
:108E80006948FAF7B8F880466848FAF7B4F8054632
:108E90007E20F8F7D3FD20607F20F8F7CFFD022E6B
:108EA000386025D0032E52D0012E614C4FF01201B4
:108EB000404609D0FAF72AF920605948FFF762FEC8
:108EC0005848FFF763FE11E0FAF720F9594B60604C
:108ED0001B782BB911212846FAF718F9564B186060
:108EE0004F48FFF753FE4F48FFF74CFEBDE8F883AD
:108EF00012214046FAF70AF94E4B4D4E1B784E4F61
:108F0000B060F3B111212846FAF700F93860D6EDC8
:108F1000016AD6ED027A96ED007A4148F4EE676A6E
:108F2000F1EE10FAC8BFF0EE667AB4EE677AF1EEB1
:108F300010FAC8BFF0EE477AC4ED007AFFF722FEC0
:108F4000D1E714212846FAF7E1F87860DFE7322DFF
:108F5000384B394CCCBF012200221A7004DD11219C
:108F60002846FAF7D3F8606094ED007AD4ED017AE0
:108F70002B48B4EE677AF1EE10FAC8BFF0EE477AEC
:108F8000C7ED007AFFF702FE9AE71A20F8F74EFDC8
:108F900006461020F8F74AFD80462348FAF72BF8DA
:108FA00005462248FAF727F85FFA88F1FAF7AEF893
:108FB00099F800303860052B1FD1204BD3ED007A93
:108FC000B3EE047AF4EEC77AF1EE10FA06D5B5F5F1
:108FD000486FC4BF77EEA77AC3ED007A07EE905AC8
:108FE000D3ED006AF8EEE77A87EEA67ADFED147A21
:108FF00077EEC77AC4ED007A78E7F1B207290DD190
:10900000104B98885A881B88904228BF1046984277
:1090100028BF1846FAF77AF8206067E72846F9E78C
:10902000C0190020081A0020AC1A0020B01A002035
:109030004C1E0020411E0020441E0020A8120020CB
:10904000F6A826435A1E00201C190020F0B52DED6D
:10905000048B562083B0F8F7F1FC09EE100A572074
:10906000F8F7E4FC08EE100A5520F8F7DFFC044698
:109070005320F8F7DBFC464E464D0023074601A976
:10908000684600930193FFF7E7FED6ED008ADDED19
:10909000007A9DED016A9FED407AF3EE006AE7EEFB
:1090A000A68A012FD5ED007AE6EE267A68EE878A49
:1090B00067EE877AC6ED008AC5ED007A3ED0022FB2
:1090C0000CD15420F8F7BAFC07EE900AF4EEE87AD7
:1090D000F1EE10FA35D53148FFF754FD022C42D09D
:1090E000032C4ED0012CF8EEC87A14BF95ED007A0F
:1090F00096ED007AE7EE097AFDEEE77A17EE903A00
:10910000B3F5803F40DA17EE903A23EAE372244B3E
:1091100024481B78042B08BF4FF08040062106F03E
:10912000AFFA31687E20F8F7ADFC29687F2003B0E4
:10913000BDEC048BBDE8F040F8F7A4BCF0EE678A04
:10914000BFE75420F8F77AFC07EE900AB1EE047AF4
:1091500077EEC77AF4EEE87AF1EE10FABEDD0F484A
:10916000FFF714FDBAE77320F8F760FC07EE900AEA
:10917000B8EEC88AF8EEE77AA7EE898AFDEEC87ADB
:10918000BCE7DFED097ABEE74FF6FF72BFE700BF2D
:109190006C1E0020681E00200000003DE819002021
:1091A0001C19002000080040000000002DE9F043D9
:1091B0002DED028B852083B0F8F74CFC80462020F3
:1091C000F8F734FC810706464BD506F0E3FB5F4B0E
:1091D0001B68C01A31283DD87820F8F727FC00908A
:1091E0007920F8F723FC019000216846FAF76CF823
:1091F0000121054601A8FAF767F881462920F8F70A
:109200001DFC0446F9F7F6F907EE900AB0EE677A0E
:10921000BBEEE97A204617EE101AFAF7CBF82DB913
:109220004B48FFF7AFFC0220FFF7CCFC0021009871
:10923000FAF79AF8012108EE100A0198FAF794F863
:109240000446FEB901467A20F8F71CFC2746002D9B
:1092500073D11EE03E48FFF795FC0420FFF7B2FCF7
:1092600017E03C48F9F7C7FE00903B48F9F7C3FE0A
:10927000009901907820F8F7F7FB01997920F8F729
:10928000F3FBB1E77A20F8F7D9FB7207074639D527
:1092900045B99FED328A18EE100A03B0BDEC028B7F
:1092A000BDE8F083414618EE100AFAF705F908EE1A
:1092B000100AF9F7B1F9B5EEC08AF1EE10FA4CBF19
:1092C0004FF0FF3501250446F9F7ACF9B5EE408AB9
:1092D000F1EE10FA03D0A54209D01E2807DD204B7D
:1092E00093ED008A21467C20F8F7BEFBD3E7B5EE6C
:1092F000C08AF1EE10FA46BFB1EE488A4FF0FF3156
:109300000121F0E7F307A2D5D5B1B9F1000F0ED0D6
:1093100007EE904AB4EEE78AF1EE10FA0DD4424619
:1093200039462046FAF76CF808EE100AB3E7084809
:10933000FFF728FC0320FFF745FC18EE104AEEE784
:10934000B9F1000FEBD1032088E700BF741E0020A5
:10935000C8190020BC1A0020B81A00200000000024
:10936000F81B002070B54D202DED028BF8F75EFB49
:109370000428364C05460ED18320F8F76BFB30B13C
:109380007420F8F753FB2060BDEC028B70BD4FF0EA
:10939000FF332360F8E78520F8F75CFB2C4E48B1DB
:1093A0004FF0FF33022D23601FD18320F8F752FBCB
:1093B0003070E9E78720F8F74DFB0028F0D0032D47
:1093C00013D8DFE805F00F0217248320F8F742FBDB
:1093D00020B1337813B9F9F725F920608320F8F725
:1093E00039FB10B94FF0FF33236021687420F8F780
:1093F0003BFBDAE78320F8F72DFB20B17420F8F768
:1094000015FB2060D1E74FF0FF332360CDE7FFF776
:10941000CDFE08EE100A0C20F8F710FBDFED0D7AF8
:1094200008EE900A082068EEA78AF8F707FB07EE17
:10943000900A88EEA77ADFED086A27EE087AC7EE71
:10944000267AFDEEE77AC4ED007ACEE7EC1B002029
:10945000721E0020000058420000C8422DE9F04171
:1094600004462DED048B852008EE101AF8F7F2FA69
:1094700006464920F8F7DAFA05462020F8F7D6FA2A
:109480000746F9F7CFF88046FAF7DCF884ED008A52
:1094900008EE900AE5B16520F8F7C8FA002844D133
:1094A0000125464B1B68002B7ADD454A1268934222
:1094B00076DD4D20F8F7BAFA04286AD1F4EE488A2E
:1094C000F1EE10FA48BFB0EE688A84ED008A67E0DA
:1094D000BFB94820F8F7B2FA09EE100A7920F8F778
:1094E000A5FA0121F9F740FF9FED367A364B07EEDA
:1094F000900A77EE677A67EE897AC7EE876AC3EDDE
:10950000006A6520F8F792FA0028C9D04046FAF7B9
:1095100079F807EE900AB4EE678AF1EE10FAC8BF48
:10952000F0EE487AC4ED007ABAE7012D02D1002EA0
:10953000B6D1EBE7022D05D1002EB1D18320F8F78B
:1095400089FAE1E7042DABD1204FB6B1B8F1000F95
:1095500013D1F9F755F801233B700125B5EEC08A08
:10956000F1EE10FA9DDDD4ED007AF4EEC87AF1EE5A
:1095700010FA44BF00233B7093E73B78002BECD0FC
:10958000F9F744F82146FAF797F8387080F00105AA
:10959000E4E7B5EEC08AF1EE10FA06D8C4ED008A11
:1095A000BDEC048B2846BDE8F081F9DDF4EE488A75
:1095B000F1EE10FAC8BFB0EE688A86E7EC1B002017
:1095C000F01B00200000C842D81B0020401E0020D5
:1095D00030B52DED028B722083B0F8F72FFA0546D7
:1095E000F9F720F804462220F8F720FA84424FF0D9
:1095F000210080F2A280F8F721FA07EE900A554B7D
:109600004D20C3ED007AF8F711FA032800F09C8092
:10961000FFF7CCFD014601A8FFF720FF04460198A3
:10962000F9F794FF4C4B01901B78032B06D08C204C
:10963000F8F710FA014601A8FAF7ACF80C20F8F791
:10964000FDF9464B18606820F8F7F8F9014601A8C3
:10965000FAF7C4F86920F8F7F1F9014601A8FAF71A
:10966000FDF8294601A8FAF771F9F8F7DBFF014682
:1096700001A8FAF735F97E20F8F7E0F9054637201A
:10968000F8F7DCF901AA01462846FAF747F828B1AD
:109690003348FFF777FA0B20FAF798F97F20F8F7AD
:1096A000CDF905463820F8F7C9F901AA0146284640
:1096B000FAF734F828B12A48FFF764FA1220FAF7CB
:1096C00085F901997B20F8F7DDF92E20F8F7B6F936
:1096D000DDED017A07EE100AB4EEE77AF1EE10FA4A
:1096E000204833DDFFF74EFAE4B1F8F783FF08EEC8
:1096F000100A2C20F8F7A2F9BBEEE98A07EE900ACF
:10970000B4EEE78AF1EE10FA0CD5DDED016AF5EE64
:10971000C06AF1EE10FA42BF88EE277A67EE267A29
:10972000CDED017A7C20F8F781F908B90023019387
:10973000019803B0BDEC028B30BDF8F7D3F9D0ED42
:10974000047AFAEEE97A5AE7002164E7FFF71EFA95
:10975000CAE700BFC41B00201C190020A01B00206A
:10976000C8190020B019002038B51C4C23789BB9CB
:10977000F7F796FC1A491B4802232022F8F7EAFD66
:109780000223174918484FF48062F8F7E3FD1748A1
:10979000FFF7F8F901232370154D1448FFF7F6F988
:1097A00029881448C90141F4C25189B205F061FD0C
:1097B00004460E48FFF7E6F92B88042B18BF013347
:1097C000C4F30F3214BF9BB20023032A2B809EBF29
:1097D000094BC4F30B0423F8124038BD701E00205F
:1097E00000080240B0190020C8190020E01900202C
:1097F000621E0020003001405A1E002070B531204A
:109800002DED068BF8F71AF90AEE100A3220F8F758
:1098100015F909EE900A1920F8F710F909EE100A67
:109820001720F8F70BF90AEE900A4F20F8F706F91F
:1098300008EE100A1A20F8F7F9F804461820F8F78D
:10984000F5F86F4B1B780546002B6E4840F221134C
:1098500014BFF9261E46F9F7CEFB07EE906A07EE15
:10986000100AF8EEE77AB8EE477A8020C7EE277A3A
:1098700017EE901AF8F706F9072C40F0B480FFF7BE
:1098800073FF614BD888614A116800EB81035B1A52
:109890009B1013605B1B07EE903AF8EEE77A072CFB
:1098A000C7EEAA8A0DD05A48B4EEE8AAF1EE10FA33
:1098B00005DCF4EEE89AF1EE10FA40F19880FFF73B
:1098C00061F9B4EEE89AF1EE10FA13D5F8F7AAFEB2
:1098D000312805D84F48FFF759F94F48FFF756F997
:1098E00000216520F8F7C0F84C48FFF74BF9082035
:1098F000FAF76CF8F6EE007A28EE278AB4EEE88ADA
:10990000F1EE10FA11DD06F045F8B0F5FA7F0CD94A
:109910004148F6F7F3FD40B14048FFF733F93E48C0
:10992000FFF734F90A20FAF751F80420F8F786F81F
:109930000AEE100A0020F8F781F809EE900A7B2061
:10994000F8F774F8232855DD7B20F8F777F8DFED7A
:10995000347A09EE100A012039EE679AF8F76EF8AA
:1099600008EE100A0220F8F769F807EE900A0220C4
:1099700038EE678AF8F762F828EE099ADFED297A5F
:1099800008EE100AA9EE278AB5EEC0AAF1EE10FA89
:109990000BDD38EECA7AC7EE0A7AB7EE007A77EEB8
:1099A000877AC9EEA79A28EE278A18EE101A712036
:1099B000F8F768F819EE901A7020F8F763F818EEC7
:1099C000100AF8F78FFDFCEEE97A17EE900AF8F727
:1099D00083FD18EE901A6820F8F754F818EE900AF4
:1099E000BDEC068B70BD1048F9F705FB4BE7FFF7A0
:1099F000CDF866E70220F8F721F808EE100AC3E771
:109A00001C190020A81A00205A1E0020641E0020E5
:109A1000E0190020F0190020D8190020C8190020F2
:109A2000000010420000803CB41A0020034B044A9E
:109A30001A60044A5A60044A9A607047781E0020EF
:109A4000702E0308818A0208618A020830B50C244E
:109A500061430C4A54185258A56864688BB00023BF
:109A6000CDE90332CDE90733CDE9013306950594FD
:109A7000009301221946D0F8580204F0CDFD0BB036
:109A800030BD00BF8C2E0308F7B515460E461F46A5
:109A900004460121D0F8580204F0D1FECDE900754A
:109AA000B6F5006F34BF00220122D4F8580200231B
:109AB000314604F0C9FE002810DAD4F85402132805
:109AC0000CDC04EB0012C2E945672B68C2F81C31BC
:109AD0006B68C2F820310130C4F85402D4F8543213
:109AE000002B07DDD4F85802012103B0BDE8F04097
:109AF00004F0A1BE03B0F0BDF0B504468BB0CDB20A
:109B000000270DF11A0303930DF11B0302930DF1CE
:109B10001903019308AE06AB009305970496D4F899
:109B2000580207AB0122294604F005FF08B90BB023
:109B3000F0BD9DF81A3007993246204600F084FEA9
:109B400005F028FFC4F8F800DBE7F7B5044600F598
:109B50008A756FF0704640F2FF77D4F85432002BCC
:109B60001ADD33441A0105EB0313A95803F1080267
:109B700001921B790093B94294BF00220122D4F8CC
:109B80005802002304F060FE002805DBD4F85432AC
:109B9000013BC4F85432E0E7D4F854323BB9D4F86E
:109BA0005802012103B0BDE8F04004F048BE03B004
:109BB000F0BDF0B51C46106826889B8885B07601FC
:109BC0000F46B1B2012615466288029606400196FC
:109BD000E6887601B6B25B0152019BB292B2009662
:109BE00004F00CFE00233B602A6801322A60E38007
:109BF000A3806380238005B0F0BDF0B51C461068DB
:109C000026889B8885B076010F46B1B2012615469D
:109C10006288029606400196E6887601B6B25B013C
:109C200052019BB292B2009604F0D8FD00233B6033
:109C30002A6801322A60A380238040F2FF73E38008
:109C4000638005B0F0BD73B5106815460E465A68BE
:109C500019681C46D2000123C900009342F0040297
:109C6000034041F0040104F0D9FD002333602A6869
:109C700001322A60C4E9003302B070BDF0B540493A
:109C80008BB004460868496806AA03C2D4F8582273
:109C90003C490023CDE908338A42CDE90433CDE9BC
:109CA000003302931CBF384BD3F8003A4FF0000644
:109CB00018BFC3F305230393C2F81C622746D4F8E8
:109CC000F430B342DDE900251ADC002A05DD04ABDF
:109CD00003AA69462046FFF76CFF002D05DD06ABA1
:109CE00003AA02A92046FFF788FF029B002B05DD8F
:109CF00008AB03AA02A92046FFF7A5FF0BB0F0BDF1
:109D000057F8043F0299B3F5006F23D30AAA02EB78
:109D10008102013142F8083C0291009B042B05D1DD
:109D200004AB03AA69462046FFF743FF019B022BC1
:109D300005D106AB03AA01A92046FFF75EFF029BEF
:109D4000022B05D108AB03AA02A92046FFF77BFF2F
:109D50000136B4E7B96F9BB249B10AAA02EB4502DA
:109D600022F8103CAB1C019322F80E1CD5E70AA97F
:109D700001EB4201013221F8183C0092CDE700BF0F
:109D8000C82E0308006400400060004070B504461F
:109D90000D46164600F002FD354B2360354B002280
:109DA0009D42C4E995251AD003F580639D423AD0BF
:109DB000D4F8580204F024FC31462046FFF746FE52
:109DC0002046FFF75BFFD4F85802022104F033FD70
:109DD000D4F85802102104F02EFD204670BD4FF437
:109DE00040732548022105F038F84FF440720921EC
:109DF000214805F052F8142005F0F0FDF021142060
:109E000005F0F8FD152005F0E9FDF021152005F01D
:109E1000F1FD132005F0E2FDF021132005F0EAFD2D
:109E2000164B1C60C4E74FF440531348022105F061
:109E300014F84FF4405209210F4805F02EF8402045
:109E400005F0CCFDF021402005F0D4FD412005F0C7
:109E5000C5FDF021412005F0CDFD3F2005F0BEFD00
:109E6000F0213F2005F0C6FD044B5C60A0E700BF79
:109E7000802E03080064004000040240881E002079
:109E8000024B00215868FFF737BE00BF881E002034
:109E9000024B01215868FFF72FBE00BF881E00202B
:109EA000014B5868FFF751BE881E0020F8B50546E3
:109EB00000F1300700F1340414F8023C322B26463E
:109EC0000AD034F8041C68680022F61B00F089FCF4
:109ED000242E04F10404EFDDF8BD00002DE9F74F56
:109EE000DFF8B090054600F1080800F10C0616F8FE
:109EF000024C322C37461AD000234FF00C0ACDE921
:109F000000330AFB045458344FF0010B637AFF2BE3
:109F100010D1686836F8041C03686A465C68A7EBD1
:109F200008070823A047242F06F10406DFDD03B04D
:109F3000BDE8F08F99F80030002BF8D12079F7F7C1
:109F40007DFD94F90630D4ED006A07EE903A07EEF5
:109F5000100AF8EEE77A94F90830E6EE877A0BFA01
:109F600003F3013BFDEEE77A17EE902A1340E27906
:109F70001F2A09D9203A9340019A1A430192647A20
:109F80000AFB04545834C1E79340009A1A430092E4
:109F9000F5E700BF901E0020F0B5A1B102F10C045E
:109FA0000A2A00EB84040CD8A578322D09D00C279E
:109FB0004FF0580C17FB05C5054400216E7AFF2EA3
:109FC00003D1002005E0941CEAE7FBB911B14E7201
:109FD0000120F0BD322E15D1C2F10A02A51E8A421F
:109FE00004D04B1C15F8230032280DD10139C9B219
:109FF00004EB81039A78A27034F821202280322267
:10A000009A70E5E7A670E3E71946E8E7013B17FB1E
:10A0100006C62946DBB28519D0E72DE9F0478C4604
:10A0200000F108074FF0020E00214FF00C084FF02E
:10A0300058093D4600220CE018FB04940444002318
:10A04000667AFF2E0FD10435EB1B0132242BD2B2DE
:10A0500002DCAC78322CEFD101218E4500F13007C3
:10A0600010D08E46E5E7A488644503F1010A04D0C8
:10A0700018FB069684195346E2E7BDE8F047DBB2C9
:10A08000FFF78ABF0020BDE8F0872DE9F043DDF837
:10A0900028C000248CF8004000F108074FF00C0E97
:10A0A0004FF058083D4609E01EFB04840444667ADC
:10A0B000FF2E11D10435EC1B242C02DCAC78322CA1
:10A0C000F2D19CF8004001258CF8005000F13007D7
:10A0D000002CE7D0002013E0B4F80490894511D19A
:10A0E00029881160E2791A70079B94F908201A7088
:10A0F000089B22681A60099B94F906201A700120B7
:10A10000BDE8F0831EFB06868419D0E770B50446CF
:10A1100091B102F10C010A2A04EB81010AD88A7874
:10A12000322A07D00C25582615FB0262A018427A65
:10A13000FF2A03D1002005E0911CECE71BB9049B2A
:10A140000A881A6070BD013BDBB2EDE72DE9F04FE4
:10A1500087B000F1080305460F4604934FF002094B
:10A160004FF000084FF00C0A4FF0580B049B1E1DD7
:10A1700016F8024C0596322C0FD11BE036F8041C61
:10A18000CDF8088094F9063001932368009394F980
:10A190000830E2792079B847647A1AFB04B42C4479
:10A1A000637AFF2BEAD1DDE904239B1A242B06F105
:10A1B0000406DDDD4FF0010805F13003C1450493CD
:10A1C00001D0C146D2E707B0BDE8F08F01F1280306
:10A1D00032228A7004319942FBD100F51973FF22B3
:10A1E00080F861200C309842FAD1704710B500F128
:10A1F00008010446FFF7EAFF204604F13001FFF7AB
:10A20000E5FF6068BDE8104000F008BB2DE9F041B3
:10A21000002488461F46151F2646BC4202DB3046F6
:10A22000BDE8F08155F8040F04F0EAFB2968064602
:10A2300008EB840004F0ACFD0134EEE708468378B7
:10A24000322B06D00388934204D00430431A242BC7
:10A25000F5DD002070470000F8B5494B1B782DED67
:10A26000028B0546144603F0FF06002B40F0868063
:10A270000A4600F13001FFF7E1FF48B187780C236F
:10A2800003FB0757583701267B7AFF2B04D10126A1
:10A29000BDEC028B3046F8BD97F90800FB7980EAE7
:10A2A000E07CACEBE07C5FFA8CFC06FA0CF2002858
:10A2B00002F1FF3245DA1F2B2AD8216809BAC3F10F
:10A2C0001F03DBB2D94097F906303879114007EE09
:10A2D000901A08EE103AF8EE677AB8EEC88A38EEAF
:10A2E000278AD7ED007A28EE278AF7F731FC002875
:10A2F00039D1F0EE487AFEEEE97A387917EE901A05
:10A30000F7F776FB7F7A0C2303FB07575837BBE739
:10A3100018441F28616802DD203BDBB2CEE7013321
:10A32000A3EB0C03206803F0FF03D840C3F1200324
:10A3300001FA03F30CF1FF3C40EA03015FFA8CF3EE
:10A34000BCE71F2B02D96168203BBAE718441F28DD
:10A350002168B7DD6068C3F1200CD94000FA0CF029
:10A3600001430023AEE73879F7F7F2FB0128C0D0AC
:10A3700018EE101A3879F7F785FBC3E7002687E750
:10A38000901E00202DE9F047B3F5006F90469DF830
:10A3900020909DF924A006460F461A4627D2B9F10F
:10A3A0003F0F27D80AF12003DBB2402B25D8FFF757
:10A3B00045FF30BB0B4628319C78322C18461FD005
:10A3C00004338B42F8D16FF00300BDE8F08701330E
:10A3D000322B1AD16FF00400F7E7654305F15802FC
:10A3E0003544324495F8615017E053722BE04FF03A
:10A3F000FF30EAE76FF00100E7E76FF00200E4E703
:10A400001A80002306F161010C2404FB03F28A5C2C
:10A41000FF2ADCD1857800220C24322DDDD104FB0B
:10A4200003640A99A1659DF92C10A4F85C8084F856
:10A430005E1084F85F9084F860A084F86150DBB20D
:10A44000002AD2D183703B4600209A78322ABCD0B1
:10A450000433DA1B242A00F10100F6DDB5E71FB54D
:10A460009DF920400394079C02949DF91840CDE982
:10A47000003413460A4600F10801FFF783FF04B0D9
:10A4800010BD7FB515469DF928200392099A0292C6
:10A490009DF92020CDE900322B460A4600F130011B
:10A4A0000446FFF76FFF002206462946606800F069
:10A4B00098F9304604B070BD2DE9F04F2DED028BB8
:10A4C00087B0CDE904239FED248A07460E4601F1AB
:10A4D00032054FF6FF7835F8323C4345AB4636D06F
:10A4E000A5F1300AA5F12A0414F9013C002BA1467C
:10A4F00026DD34F8060CF7F7E5FA34F9043C35F8B4
:10A5000032EC14F8021C14F901CC07EE903A059BCA
:10A510000246F8EEE77A38680BB167EE887A0023D6
:10A52000CDE9001C03930499CDED027A7346A9EBA3
:10A530000A09FFF727FFB9F12A0F04F10604D3DD5A
:10A54000ABEB0603B3F5E17F05F13205C3DD07B0E0
:10A55000BDEC028BBDE8F08F0000003973B5114DE2
:10A560000190044604F060FAD5F8E86304F040FA7C
:10A57000FA21284604F04AFA864210D1002304F159
:10A580000802294601A8FFF797FF01A80649012301
:10A5900004F13002FFF790FF012002B070BD0020EF
:10A5A000FBE700BF00400008F44100082DE9F84334
:10A5B00006460F460D464FF00C084FF05809AC7890
:10A5C000322C06D10FE02079F7F78CFA038BA380A9
:10A5D000647A18FB04943444637AFF2BF3D1043576
:10A5E000EB1B242BEBDDBDE8F8832DE9F843064691
:10A5F0000F460D464FF00C084FF05809AC78322C3E
:10A6000005D10EE0A088F7F75DFAA080647A18FB08
:10A6100004943444637AFF2BF4D10435EB1B242BD0
:10A62000ECDDBDE8F8830000F7B5284F044604F0E0
:10A63000FBF901233B70264A264B4FF0FF3553F8B8
:10A64000041B934205EA0105F9D104F0D1F904F0A5
:10A6500077FB022004F068FB013503D002210020C3
:10A6600004F0B2FB04F1080604F13005314620463F
:10A67000FFF79CFF29462046FFF798FF3246154911
:10A680000A232046FFF7C2FD2A4613490A23204623
:10A69000FFF7BCFD04F15802104996232046FFF74E
:10A6A000B5FD012301AA0E4901902046FFF7AEFD3A
:10A6B00004F054FB31462046FFF797FF2946204619
:10A6C000FFF793FF00233B7003B0F0BD901E002006
:10A6D00000800008004000082840000850400008A2
:10A6E000B442000870B5184D044604F09DF9D5F841
:10A6F000B46204F07DF9AA21284604F087F9864265
:10A7000004D02046BDE87040FFF728BF04F10806DA
:10A710002946304604F130050A22F7F709FE28469B
:10A720000A490A22F7F704FE962204F15800084964
:10A73000F7F7FEFD31462046FFF757FF2046294632
:10A74000FFF753FF012070BD0040000828400008BB
:10A750005040000838B50E4B0446C4E900310846A5
:10A760002146154600F02EF804F108012046FFF7B7
:10A770002DFD04F130012046FFF728FD15B12046DC
:10A78000FFF7B0FF2046FFF791FB204638BD00BF22
:10A79000D82E03080020704770470000074A026067
:10A7A0000022C0F8F420C0F8FC20054AC0F81021AF
:10A7B000C0E94022C0E94222704700BFE82E0308EA
:10A7C000AC120020D0F8FC30042BDFBF03F14002B4
:10A7D000013340F82210C0F8FC30D4BF0120002023
:10A7E0007047D0F8F4301D2B70B515DC05460024F9
:10A7F000A3420BDC00EB830401336160E267C0F825
:10A80000F43003689B689847012070BD55F8046FC9
:10A810008E4201D00134EBE70020F6E770B5064622
:10A82000002456F8FC3BC0F8F4409B680546984766
:10A83000D5F8FC30A34200DC70BD56F8040F036865
:10A840005B6898470134F3E72DE9F04704460E466C
:10A850001746984600F1FC090025D4F8FC30AB42BD
:10A8600001DCBDE8F08759F8040F03683A46D3F8D5
:10A8700000A031464346D0470028F2D10135ECE72D
:10A88000826DC36D9A42FBD0836D5A1C03F03F0367
:10A890000344826519764FF0FF3343617047A0F19E
:10A8A0000400FFF7EDBF10B5017C044601F5C0615F
:10A8B00080680022FFF795FF617C3F2907D8A068D8
:10A8C0000022BDE8104001F5B061FFF78ABF10BD5E
:10A8D00010B50C4B0446084623601433C4E901311B
:10A8E0004FF6017323824FF0FF3363610123E2606F
:10A8F00084F87C302146FFF765FF2046FFF7D3FF41
:10A90000204610BD0C2F030801748068FFF786BF36
:10A91000B1F80130B3F5A04F10B50C461CD10B783F
:10A92000402B60D143230B70CB78032B5BD8DFE83F
:10A9300003F002070B0F304BD3F8103A636010BDE1
:10A940002D4BD3F8143AF9E72B4BD3F8183AF5E727
:10A95000F7F706F96060F2E745F20102934210D181
:10A960000A78402AEBD14FF0FF330B714B71002373
:10A970008B71CB71412121708365C265E37843619E
:10A98000DDE745F2020293422DD10B78232B2AD129
:10A9900060230B70CB78032B25D8DFE803F0021679
:10A9A0001F2190F87C3043B172B6C06808B1FFF740
:10A9B0003BFEF8F70DFC62B6C1E780220B714B71CC
:10A9C0008B710A700823E371B9E772B6F8F748FC97
:10A9D00062B6BDE810408F20F6F75EB804F0F6FFCF
:10A9E000F7F788F8F5E7802323700023237163715C
:10A9F0000223A3710623E6E70070FF1F2DE9FF4144
:10AA0000B1F80120CE7807460C46C2F3C01816B143
:10AA1000013EC6F3470603AB0093F868334602F0E5
:10AA20003F024146FFF772FB2378402B054632D1A7
:10AA300038B30079F7F756F8E37833B9039B6360CE
:10AA40004323237004B0BDE8F081DB0708D595F9F6
:10AA50000830EA791B0643EA0243028B1343EEE710
:10AA6000D5ED007A9FED147A95F9062067EE877A86
:10AA7000FCEEE77A17EE903A23F07F4343EA026355
:10AA8000DDE7802323700023237163710223A37108
:10AA90000623E371D6E7232BF3D10028F1D06368B6
:10AAA000002BEED1B4F80120F868334602F03F02E3
:10AAB0004146FFF771FAC5E700007A44F0B50B781C
:10AAC000232B85B004460D46944608D1CB78ABB90C
:10AAD0004B68B3F5006F04D2436660232B7005B05A
:10AAE000F0BD4FF0FF33436680232B7000232B71A2
:10AAF0006B710223AB710623EB71F0E7426E511CC0
:10AB000014D0012B12D1686880B2F6F7DBFFA4F8ED
:10AB10006C006B68C3F3054384F86F306B688E2854
:10AB20004FEA236384F87030DED8D6E794F970706A
:10AB3000002FD9D0022BD7D16E68DFED146AE06800
:10AB400094F86C1026F07F4307EE103AB8EEC77AFF
:10AB50003616C7EE267A94F86F3084F86E60C4ED2E
:10AB60001A7A0296CDED017A0097BCF1000F0AD057
:10AB7000FFF787FC002384F8703000284FF0FF3384
:10AB80006366AADAB0E7FFF76AFCF3E700007A44ED
:10AB900070B50B7803F06002602A05460C462CD194
:10ABA00003F010030B700123EA6DA96D521A402ABD
:10ABB0000AD0EA6D511C02F03F022A44E965127E78
:10ABC000E2540133082BEFD1EA6DA96D521A402AE5
:10ABD00007D12278C3F1080342EA430343F001039B
:10ABE0002370A868297C03685D682246AC46082368
:10ABF000BDE8704001F5B0616047B1F80130B3F5D0
:10AC0000005F0BD1C8788E2826D82378232B1CD13F
:10AC10006168F6F7EDFE68B96023E1E703F47F426F
:10AC2000B2F5045F1FD1C8781B029BB21844F6F737
:10AC300049FFE8E7802323703023237100236371E9
:10AC40000923A3710623E371CBE7402BC9D1F6F7A3
:10AC5000E7FE43236060C3E7802323700023237152
:10AC600063710223EDE7C66896B1B3F5405F03D187
:10AC70000022FFF723FFB4E743F20106B34201D1FC
:10AC80000122F6E7B2F5445F02D1FFF7B7FEA8E76D
:10AC900021462846FFF73CFEA3E710B50C461146B7
:10ACA000027C02F5C062A24203D1FFF771FF0120CE
:10ACB00010BD427C02F5B062A24208D10A78803A07
:10ACC00018BF012280F874204A688267EFE70020ED
:10ACD000EEE7000038B52DED088B09EE100A2620AE
:10ACE000F6F7A4FE04462520F6F7A0FE054605204B
:10ACF000F6F7A4FE09EE900A2320F6F79FFE08EE71
:10AD0000100A2420F6F79AFE0AEE100A7220F6F7CF
:10AD100095FE0AEE900A7120F6F790FE0BEE900A6F
:10AD20000620F6F78BFE08EE900A0320F6F786FE63
:10AD30000BEE100A0720F6F781FEB5EEC09AF1EE91
:10AD400010FA07EE900AC0F28180F4EEEBAAF1EE61
:10AD500010FA10DD7AEEEBAA3BEE6BBA37EEE87A2A
:10AD6000CAEE8B6AE6EE878AF4EEE87AF1EE10FA24
:10AD7000D8BFF0EE678A0123A340013BDFED3C6AB8
:10AD8000DFED3C5A07EE903A36EEC86AF8EEE77A05
:10AD9000B0EE697AA7EEA57A26EE096A002D41D0B9
:10ADA00078EEE98AC6EE267A68EE898A77EE887AA6
:10ADB00088EEA66A37EE067ADFED2D6AF4EEE67AC3
:10ADC000F1EE10FA58BFF0EE667A2B4B2B4D1A6855
:10ADD000FEEEE97A02FA04F117EE900ABEEEE97A85
:10ADE0000844811A2A6817EE100A2141196002FAF4
:10ADF00004F31844831A234162202B60F6F7F8FD10
:10AE000029686120F6F7F4FD1D4A2B681268BDEC35
:10AE1000088B93401B4A128893FBF2F31A4A5B1388
:10AE2000138038BDC6EE0A7AB4EEC9AAF1EE10FA64
:10AE300077EE887AC0D839EE4A9A78EEE98A76EECB
:10AE4000CA6A29EE289A89EE266AB3E7F7F7E4FB87
:10AE500005467C20F6F7EAFD854204D1F1EE497AF9
:10AE6000B1EE697AA8E79FED097AF0EE477AACE790
:10AE70000000C84200000039781C0020741C00202B
:10AE800060190308181200205C1C0020000000005C
:10AE900010B51748F8F7AFF804461648F8F7ABF8BE
:10AEA00001462046F8F768FF1320F6F7BFFD044679
:10AEB0001220F6F7BBFD011E18BF0121A0B2F8F762
:10AEC00087FF0D4B0D4918800D4B09681B680D4A13
:10AED0008B4093FBF0F35B131380F7F741FB0A4BB6
:10AEE0001B68062B03D1BDE81040F9F753B810BD1D
:10AEF000A41A0020A01A00201812002060190308CC
:10AF0000741C00205C1C00206C1C002020F00042FF
:10AF100040F6D873C3F649739A421AD900B5B2F114
:10AF2000FF4F83B005D3014605F0B8FA03B05DF8D2
:10AF300004FB694601F0C4FD00F003020199012AF7
:10AF4000009809D0022A0FD05AB1012202F01CFC4D
:10AF5000ECE7002101F0A8BF02F016FC00F1004070
:10AF6000E4E701F0A1FFE1E701F09EFF00F10040FE
:10AF7000DCE700BF20F0004240F6D873C3F6497307
:10AF80009A421BD900B5B2F1FF4F83B005D30146F9
:10AF900005F084FA03B05DF804FB694601F090FD0A
:10AFA00000F00300019901280CD0022813D068B1E9
:10AFB000009801F079FF00F10040EBE7002100224A
:10AFC00002F0E2BB009801F06FFFE3E70098012276
:10AFD00002F0DAFBDEE70098012202F0D5FB00F177
:10AFE0000040D7E7000000002DE9D04306460F4699
:10AFF00000F0B2F941F2B023C2F200038046894664
:10B0000032463046394693F900403B4605F094F904
:10B01000A4F1FF34B4FA84F46409002818BF44F0A2
:10B0200001044CB93046394602F078FE0CA3D3E94E
:10B03000002305F077F918B940464946BDE8D083AA
:10B040004FF00009C7F6F07905F008FE4FF0000850
:10B050002223494603604046BDE8D083AFF3008019
:10B060007DF8B98FCE3386402DE9704304460D46F6
:10B0700000F0F2FB41F2B023C2F2000380468946A1
:10B0800022462046294693F900602B4605F054F9E4
:10B09000A6F1FF36B6FA86F67609002818BF46F004
:10B0A0000106BEB9204629460022002305F03AF9E0
:10B0B00080B9204629460022002305F00BF968B12B
:10B0C0004FF00009CFF6F07905F0C8FD4FF0000809
:10B0D0002223036040464946BDE8708305F0BEFD6B
:10B0E0000346212242F62470C0F60300BDE87043F7
:10B0F0001A6002F01DBE00BF2DE9F0471D46144640
:10B1000006460F4600F0A0FD41F2B023C2F2000354
:10B110008046894622462046294693F900A02B46C0
:10B1200005F00AF9AAF1FF3ABAFA8AFA4FEA5A1A6E
:10B1300000280CBF53464AF001031BBB32463B4676
:10B140003046394605F0F8F8002841D130463946F6
:10B150000022002305F0BEF8C0B120462946002297
:10B16000002305F0B7F800283AD12046294602F01E
:10B17000D9FD38B1204629460022002305F0B4F855
:10B1800000285DD140464946BDE8F0874046494623
:10B1900002F0C8FD70B3404649460022002305F086
:10B1A00099F80028EED03046394602F0BBFD002861
:10B1B000E8D02046294602F0B5FD0028E2D005F08F
:10B1C0004DFD4FF0000822234FF000090360D9E73E
:10B1D000204629460022002305F07CF80028D1D023
:10B1E0004FF00009C3F6F0794FF000084946404699
:10B1F000BDE8F0873046394602F094FD0028CAD0F9
:10B200002046294602F08EFD0028C4D042464B4617
:10B210004046494605F090F840BB05F01FFD034647
:10B220002222304639461A600022002305F05CF8DD
:10B2300088B94FF00009C7F6F0794FF00008A1E790
:10B2400005F00CFD212303604FF00009CFF6F079E3
:10B250004FF0000896E72046294602F06FFD22468F
:10B260002B4605F037F80028E3D1EDE705F0F6FCB2
:10B2700000220023212101601046194604F0ECFE53
:10B28000804689467EE700BF2DE9D04306460F463B
:10B2900001F0BAFA41F2B023C2F2000380468946B7
:10B2A00032463046394693F900403B4605F044F8B3
:10B2B000A4F1FF34B4FA84F46409002818BF44F000
:10B2C000010434B9304639460022002305F00CF859
:10B2D00018B940464946BDE8D08305F0BFFC0022BE
:10B2E0000023212101601046194604F0B5FE804676
:10B2F000894640464946BDE8D08300BF01F042BBC5
:10B3000070B5054601F07CFD41F2B023C2F20003A6
:10B3100006462946284693F9004005F08FFBA4F124
:10B32000FF34B4FA84F46409002818BF44F001041F
:10B3300024B92846002105F059FB08B9304670BDF4
:10B3400005F08CFC03460021212208461A6005F016
:10B3500063FA0646304670BD2DE9D0434FF6FF73C1
:10B36000C7F6EF7321F0004406460F469C4276D89C
:10B3700042F64263C3F6D6739C422BD94FF6FF7355
:10B38000C4F235039C4274D942F64163C4F2860389
:10B390009C4240F28D8043F2CD33C4F286039C423E
:10B3A00049D943F2CE32C4F286024FF67D03C8F685
:10B3B000B973984298BF94423DD045A3D3E9002386
:10B3C0001046194604F01EFD06460F463046394623
:10B3D000BDE8D08302F0A2FC02F056FA002200235E
:10B3E000C3F6F0738046894604F056FBB4F1725FF1
:10B3F00006460F46EAD342464B464046494604F0CD
:10B4000001FD3246804689463B463046394604F0C7
:10B4100043FB02460B464046494604F01DFE00220F
:10B420000023C3F6F07304F037FB06460F463046A0
:10B430003946BDE8D0833046394602F06FFC002221
:10B440000023C3F6E07304F0DDFC00F045F80023B0
:10B45000C3F6E073002206460F4604F0D3FC3246E2
:10B460003B4604F0CFFC06460F4630463946BDE861
:10B47000D08302F053FC00F02FF80022804689466A
:10B480000023C3F6E07304F0BDFC424606460F46B7
:10B490004B4600200021C3F6E07104F0DDFD0246BA
:10B4A0000B463046394604F0F7FA06460F468DE75C
:10B4B00002F034FC00F010F800220023C3F6E07321
:10B4C00004F0A0FC06460F4680E700BFAFF3008003
:10B4D0009C7500883CE4377E2DE9F04721F000425E
:10B4E00042F64167C4F2860784B004460D46CE0F8B
:10B4F000BA4213D94FF6FF77C7F6EF77BA4231D980
:10B50000C1F313030246034340F05C81002E00F0B8
:10B51000F9800020002104B0BDE8F08742F64263C4
:10B52000C3F6D6739A425FD84FF6FF73C3F62F6304
:10B530009A4200F2EA80B2A3D3E9002304F0ACFA05
:10B540000023C3F6F073002204F0ECFE002800F0A4
:10B55000DC802046294600220023C3F6F07304F065
:10B560009BFACFE0A8A3D3E9002304F0DBFE002878
:10B5700040F02E81A6A3D3E900232046294604F0FB
:10B58000B3FE0028C5D142F62873C0F6030303EBCF
:10B59000C6062046A0A3D3E90023294604F032FCC6
:10B5A000D6E9082304F078FA04F0DCFE824604F0C1
:10B5B000BFFB06469AA3D3E900230F4604F022FC02
:10B5C00002460B462046294604F064FA02460B4622
:10B5D0003046CDE90023394693A3D3E9002304F094
:10B5E00011FCCDE9020119E04AF2B123C3F6F07370
:10B5F0009A42C8D842F62873C0F6030303EBC60488
:10B60000C6F1010AAAEB060AD4E9002304F042FAC3
:10B61000D4E90434CDE90234CDE90001DDE90223A7
:10B62000DDE9000104F036FA02460B468046894601
:10B6300004F0E8FB04467EA3D3E900230D4604F0A2
:10B64000E1FB7DA3D3E9002304F024FA22462B4634
:10B6500004F0D8FB7AA3D3E9002304F01DFA2246B4
:10B660002B4604F0CFFB78A3D3E9002304F012FAB1
:10B6700022462B4604F0C6FB75A3D3E9002304F051
:10B680000BFA22462B4604F0BDFB02460B46404611
:10B690004946444604F0FEF94D4606460F4602462A
:10B6A0000B46BAF1000F69D04046494604F0AAFBA8
:10B6B000324604460D463B4600204FF0804104F0E0
:10B6C000E9F902460B462046294604F0C5FC02462D
:10B6D0000B46DDE9020104F0DDF9DDE9002304F0A9
:10B6E000D9F902460B4600200021C3F6F07104F0A0
:10B6F000D1F90B4602466FF47F718A4570DB104624
:10B7000003EB0A5104B0BDE8F08722462B462046E1
:10B71000294604F077FB064645A3D3E900230F46EC
:10B7200004F070FB44A3D3E9002304F0B3F93246DC
:10B730003B4604F067FB42A3D3E9002304F0ACF9D5
:10B7400032463B4604F05EFB3FA3D3E9002304F0FE
:10B75000A1F932463B4604F055FB3DA3D3E9002353
:10B7600004F09AF932463B4604F04CFB02460B4685
:10B770002046294604F08EF902460B46904699462B
:10B780002046294604F03EFB002206460F4640466E
:10B7900049464FF0804304F07DF902460B4630469F
:10B7A000394604F059FC22462B4604F073F9024650
:10B7B0000B4600200021C3F6F07104F06BF904B0D1
:10B7C000BDE8F0870B4604F067F904B0BDE8F087E8
:10B7D0000BA3D3E900231046194604F013FB91E7AD
:10B7E0000AF57A7A1046002203EB0A514FF0B8733B
:10B7F00004F008FB04B0BDE8F08700BFAFF30080A1
:10B800009C7500883CE4377EEF39FAFE422E864074
:10B8100051302DD5104987C0FE822B654715F73F63
:10B820000000E0FE422EE63F763C7935EF39EA3DF6
:10B83000D0A4BE726937663EF16BD2C541BDBB3E36
:10B840002CDE25AF6A56113F93BDBE166CC1663F14
:10B850003E5555555555C53F2DE9F04F02460B460F
:10B8600087B08946B1F5801F61DA21F000440443B6
:10B8700000F004810029C0F2418100220023C4F2BB
:10B88000503304F0BFFA89460B464FF6FF71C7F6F6
:10B89000EF71024689456FF0350050DC4FEA2956BA
:10B8A000C9F3130909F51521A6F2FF3601F66471F3
:10B8B000064401F480111046002206EB115681F077
:10B8C0007F5181F4401141EA090319460023C3F670
:10B8D000F07304F0DFF809F1020382468B46C3F3EC
:10B8E0001303022B32DC0022002304F0F3FC0028B7
:10B8F00000F0CF80002000212EB3304604F018FA6B
:10B9000006460F46BCA3D3E9002304F07BFABCA390
:10B91000D3E9002304460D463046394604F072FA56
:10B9200002460B462046294604F0B6F80BE04FF6D7
:10B93000FF71C7F6EF7189454FF00000AEDD10468C
:10B94000194604F0A9F807B0BDE8F08F00224FF0C7
:10B95000804304F0A1F802460B4650465946A9F52B
:10B96000C22704F079FB04460D46304604F0E0F9A6
:10B9700022462B46CDE9040120462946CDE9024561
:10B9800004F040FA02460B46CDE9002304F03AFAEF
:10B990009DA3D3E9002304460D4604F033FA9CA38B
:10B9A000D3E9002304F078F822462B4604F02AFA63
:10B9B000A7F27A4798A3D3E9002304F06DF8224652
:10B9C0002B4604F01FFA96A3D3E9002304F064F891
:10B9D000DDE9002304F016FA93A3D3E90023CDE9AF
:10B9E00000012046294604F00DFA91A3D3E9002373
:10B9F00004F052F822462B4604F004FA8EA3D3E951
:10BA0000002304F049F822462B4604F0FBF90B46CC
:10BA10000246DDE9000104F03FF8C9F5D72380466E
:10BA2000513389463B43002B5BDD0022504659468B
:10BA30000023C3F6E07304F0E5F952465B4604F0D8
:10BA4000E1F904460D46002E5FD122462B464046C2
:10BA5000494604F021F8DDE9022304F0D3F9024657
:10BA60000B462046294604F015F802460B46504680
:10BA7000594604F00FF807B0BDE8F08F002200230C
:10BA800000200021CCF2503104F0E6FA07B0BDE806
:10BA9000F08F6BA3D3E900235046594604F0B2F966
:10BAA00002460B4600200021C3F6E07103F0F2FFCE
:10BAB000524604460D465B465046594604F0A2F9EC
:10BAC00002460B462046294604F09CF904460D46E2
:10BAD000002E4FD102460B465046594603F0DAFF7E
:10BAE00031E7002E5AD102460B465046594603F024
:10BAF000D1FFDDE9022304F085F9B6E703F0CAFFC0
:10BB00000022002304F0A8FA1DE73BA3D3E9002399
:10BB1000DDE9040104F076F922462B4606460F467D
:10BB20004046494603F0B8FFDDE9022304F06AF914
:10BB300033A3D3E9002380468946DDE9040104F0FC
:10BB400061F902460B464046494603F0A5FF02460E
:10BB50000B462046294603F09DFF52465B4603F004
:10BB600099FF02460B463046394603F093FF07B073
:10BB7000BDE8F08F304604F0DBF8804689461EA30E
:10BB8000D3E9002304F03EF91DA3D3E900230646C0
:10BB90000F464046494604F035F9D8E716A3D3E9E5
:10BBA0000023DDE9040104F02DF942464B4604462A
:10BBB0000D465046594603F06DFFDDE9022304F0BF
:10BBC00021F90FA3D3E9002306460F46DDE904015E
:10BBD00004F018F902460B463046394603F05AFF86
:10BBE00052465B4603F056FF02460B462046294666
:10BBF00003F050FFA7E600BF0000E0FE422EE63F44
:10BC0000763C7935EF39EA3D44523EDF12F1C23FCE
:10BC1000DE03CB966446C73F599322942449D23F12
:10BC2000935555555555E53F9FC678D0099AC33F62
:10BC3000AF788E1DC571CC3F04FA97999999D93F79
:10BC4000555555555555D53F2DE9F04F23F0004535
:10BC50009B46984693B055EA020315D021F0004464
:10BC60000023C7F6F0739246944606460F460A46EE
:10BC700081469C42009102940DD904F1404404F5A0
:10BC8000801454EA09043DD10021C3F6F07100206C
:10BC900013B0BDE8F08F0CBF0122002200280CBFBA
:10BCA000002202F001026ABB9D42E6D80CBF0122CD
:10BCB0000022BAF1000F0CBF002202F0010205922F
:10BCC000002ADAD1009A002A25DBBAF1000F56D1FA
:10BCD0009D4200F0E583CDF814C00023C3F6F07355
:10BCE0009D4240F04D84B8F1000FA4BF3046394664
:10BCF000CEDA32463B460021C3F6F071002004F054
:10BD0000ABF9C5E742F62470C0F6030013B0BDE8F6
:10BD1000F04F02F00DB84FF6FF7EC4F23F3E75457E
:10BD200040F28483BAF1000F40F098839D4200F006
:10BD3000B783022305933046394601F0EFFFB9F18E
:10BD4000000F00F04683009B4FEAD379059B09F171
:10BD5000FF3953EA09031FD132463B4610461946C4
:10BD600003F098FE02460B4604F076F990E702F0E5
:10BD70000102C2F102030593BAF1000FADD03046C3
:10BD8000394601F0CBFFB9F1000F00F02283009B90
:10BD90004FEAD37909F1FF390023C4F2E0139D4241
:10BDA00000F26583009A0023C7F6F0731A40134629
:10BDB00000223BB90023C4F2403304F023F86FF0B3
:10BDC00034020291029C2315C4F31304A3F2FF333F
:10BDD00044F07F5503EB020849F68E03C0F20303DB
:10BDE00045F440159C420ADD4BF27963C0F20B0327
:10BDF0009C4240F3C88408F10108A5F58015002293
:10BE000000230024CDE90C23CDE9102300220023D8
:10BE1000C3F6F073CDE90823DDE908230646294679
:10BE20002F4603F037FECDE90A01DDE9082330464D
:10BE300029466D1003F030FE02460B46002000211B
:10BE4000C3F6F07104F008F945F0005502460B46C0
:10BE5000DDE90A01CDE90E2303F0D4FF05F5002347
:10BE60000A4600250146CDE90012CDE9061219194E
:10BE700000950D46DDE90012002004462B460846D9
:10BE800011462246CDE9020103F0BCFF02460B46F3
:10BE9000DDE90A0103F0FEFDCDE90A012046DDE9F6
:10BEA00008232946DDE90A4503F0F4FD02460B4666
:10BEB0003046394603F0EEFDDDE9022303F0A2FF30
:10BEC00002460B462046294603F0E4FDDDE90E2339
:10BED00003F098FFDDE90645CDE9080122462B462F
:10BEE0002046294603F08EFF0446D9A3D3E9002358
:10BEF0000D4603F087FFD8A3D3E9002303F0CCFD60
:10BF000022462B4603F07EFFD5A3D3E9002303F09E
:10BF1000C3FD22462B4603F075FFD3A3D3E90023CC
:10BF200003F0BAFD22462B4603F06CFFD0A3D3E901
:10BF3000002303F0B1FD22462B4603F063FFCEA39E
:10BF4000D3E9002303F0A8FD224606460F462B4600
:10BF50002046294603F056FF02460B463046394636
:10BF600003F050FF0446DDE902670D46DDE90601F6
:10BF700032463B4603F090FDDDE9082303F042FF23
:10BF800022462B4603F088FD324604460D463B46CA
:10BF900030463946002603F035FF02460B46CDE910
:10BFA0000A2300220023C4F2080303F075FD224691
:10BFB0002B4603F071FD0F4632463B46DDE9020198
:10BFC00003F020FF0022CDE902010023C4F20803A0
:10BFD0003046394603F05EFDDDE90A2303F05AFDE1
:10BFE00002460B462046294603F054FDDDE90623B0
:10BFF00003F008FF324604460D463B46DDE90801E2
:10C0000003F000FF02460B462046294603F044FD9C
:10C0100004460D462246DDE902012B4603F03CFDB5
:10C0200030460F4696A3D3E9002303F0EBFEDDE98B
:10C030000223CDE902013046394603F02BFD0246CA
:10C040000B462046294603F025FD8FA3D3E90023A4
:10C0500003F0D8FE8EA3D3E9002304460D463046F4
:10C06000394603F0CFFE02460B462046294603F030
:10C0700013FDDDE9102303F00FFD06460F46404691
:10C0800003F056FE324604460D463B46DDE902010A
:10C0900003F002FDDDE90C2303F0FEFC22462B46F3
:10C0A00003F0FAFC22462B460020CDE9000103F004
:10C0B000F1FCDDE90C2303F0EDFCDDE9022303F0E4
:10C0C000E9FC02460B463046394603F0E3FCCDE975
:10C0D0000601059B002459464FF00008013B4246EB
:10C0E00053EA0903504614BFC3F6F074CBF6F0745C
:10C0F0000023CDE902345B4603F0CCFCDDE90023EC
:10C1000003F080FE5B4604460D465246DDE906011B
:10C1100003F078FE02460B462046294603F0BCFC9D
:10C120005B4604460D464246DDE90001CDE9004587
:10C1300003F068FE06460F46204629463B46324637
:10C1400003F0AAFC4FF6FF73C4F28F0304460D46BA
:10C150008B46994240F3BE8101F13F4303F5E00372
:10C16000034340F0B0824CA3D3E90023DDE9000192
:10C1700003F092FC3246804689463B4620462946DB
:10C1800003F088FC02460B464046494604F0CAF8D4
:10C19000002840F098824FF400735B440024CFF6EF
:10C1A000F074BBF1000FC3F30A52C3F31301A2F200
:10C1B000FF3241F480114FF0000044FA02F4C2F162
:10C1C000140241FA02FA04EA030102460B46B8BF20
:10C1D000CAF1000A3046394603F05CFC02460B46C1
:10C1E00006460F464FEA0A5BDDE9000103F054FC06
:10C1F0000D46002429462AA3D3E90023204603F054
:10C2000001FE3246804689463B462046294603F0D9
:10C2100041FC02460B46DDE9000103F03BFC22A392
:10C22000D3E9002303F0EEFD21A3D3E90023064662
:10C230000F462046294603F0E5FD02460B463046F0
:10C24000394603F029FC06460F4632463B4633E0AA
:10C25000EF4E454A287ECA3F65DBC9934A86CD3FEB
:10C2600001411DA96074D13F4D268F515555D53FD1
:10C27000FFAB6FDBB66DDB3F033333333333E33F69
:10C28000000000E009C7EE3FFD033ADC09C7EE3FBE
:10C29000F5015B14E02F3EBEFE822B654715973CEF
:10C2A00000000000432EE63FEF39FAFE422EE63F43
:10C2B000396CA80C615C20BE4046494603F0ECFB9B
:10C2C00042464B4604460D4603F0E4FB02460B464D
:10C2D0003046394603F0DEFB2246804689462B462F
:10C2E0002046294603F08EFD0646AFA3D3E900237E
:10C2F0000F4603F087FDAEA3D3E9002303F0CAFB8A
:10C3000032463B4603F07EFDABA3D3E9002303F0A6
:10C31000C3FB32463B4603F075FDA9A3D3E90023D6
:10C3200003F0B8FB32463B4603F06CFDA6A3D3E90D
:10C33000002303F0B1FB32463B4603F063FD0246A7
:10C340000B462046294603F0A5FB06460F4632461B
:10C350003B462046294603F055FD0022CDE9000169
:10C360004FF080433046394603F094FB02460B46BB
:10C37000DDE9000103F070FE424606460F464B46DB
:10C380002046294603F03EFD42464B4603F084FB1F
:10C3900002460B463046394603F07CFB22462B46CC
:10C3A00003F078FB0B4602460021C3F6F071002033
:10C3B00003F070FB0C465C440B46B4F5801FA4BF31
:10C3C00023461946C0F2F381DDE9022303F01AFD8A
:10C3D0005EE4009A0023C3F6F07322F04042002C82
:10C3E00018BF9A427FF4AFACB8F1000F07DA0246EB
:10C3F0000B4600200021C3F6F07103F02DFE009BD8
:10C40000002BBFF645AC059B04F1404404F58014B5
:10C410001C4304BF02460B463FF4A0AC059B012B16
:10C420007FF436AC01F10043194631E44FF6FF7357
:10C43000C3F6EF739D4276D8BAF1000F40F08680C4
:10C44000BBF1804F1CBF002305937FF474AC3246D0
:10C450003B463046394603F0D5FC19E401F05EFC5A
:10C46000002E00F05981DDF814900223059300237B
:10C47000C4F2F0339D424FF6FF73C3F6EF7340F200
:10C48000AF809C4240F21A81B8F1000F1EDD50A32C
:10C49000D3E900231046194603F0B4FCFFF7F8BBBC
:10C4A00004F1404303F5801353EA09033FF4ECAB76
:10C4B0004FF6FF73C3F6EF739C4240F21281B8F15E
:10C4C000000FA4BF50465946BFF6E2AB0020002142
:10C4D000FFF7DEBB21F000434CF6FF3CC4F2900CAA
:10C4E000634540F208814FF45053C3F66F730B4419
:10C4F00003430AD132463B4603F0CCFADDE9002380
:10C5000003F006FF00283FF446AE33A3D3E900232F
:10C51000DDE9020103F076FC2FA3D3E9002303F049
:10C5200071FCFFF7B5BB2B15A3F2FF33142B40F3BF
:10C530001381C3F134032AFA03F202FA03F35345D9
:10C540003FF415ACBAF1000F3FF4C5AB30463946A5
:10C5500001F0E4FBB9F1000F7FF4FEAB009B23F088
:10C56000404A0023C3F6F073002C18BF9A457FF4AD
:10C57000F3ABB8F1000FC0F21E81CDF8149042E782
:10C58000B8F1804F3FF463AF009A0023C3F6E07325
:10C59000002AA8BF98457FF4CEAB3046394613B089
:10C5A000BDE8F04F00F030B9D0A4BE726937663EE6
:10C5B000F16BD2C541BDBB3E2CDE25AF6A56113FA3
:10C5C00093BDBE166CC1663F3E5555555555C53F8A
:10C5D0009C7500883CE4377E59F3F8C21F6EA501B4
:10C5E0009C426BD30023C3F6F0739C423FF64CAFE2
:10C5F00000220023C3F6F07303F04CFA06460F4600
:10C6000073A3D3E9002303F0FDFB73A3D3E9002355
:10C61000CDE900013046394603F0F4FB0022CDE9B4
:10C6200002010023C3F6D0733046394603F0EAFB1B
:10C6300002460B466AA1D1E9000103F02BFA32460B
:10C640003B4603F0DFFB02460B4600200021C3F609
:10C65000E07103F01FFA324604460D463B46304671
:10C66000394603F0CFFB02460B462046294603F02D
:10C67000C9FB5DA3D3E9002303F0C4FB02460B46CC
:10C68000DDE9020103F006FADDE9006704460D4624
:10C6900022462B463046394603F0FEF932463B46E9
:10C6A0000020CDE9000103F0F5F902460B462046D3
:10C6B000294603F0EFF9CDE906010AE5B8F1000FCC
:10C6C000BFF604AFE3E64AA3D3E90023DDE90201A4
:10C6D00003F098FB46A3D3E9002303F093FBFFF795
:10C6E000D7BAB8F1000FBCBF50460BF10041BFF6FE
:10C6F000EDAEFFF7CDBA0022C3F6E07293429CBFC5
:10C70000C346C2467FF675AD1B154FF48012A3F2E7
:10C71000FE3342FA03F340E5009B23F0404200233E
:10C72000C3F6F073002C18BF9A421CBF0223059376
:10C730007FF49DAEBBF1000FA4BF02230593BFF6AB
:10C7400062AE0B4602460021C3F6F071002003F0F2
:10C7500083FC0223059356E6BAF1000F7FF4F6AE90
:10C76000C3F1140345FA03F202FA03F3AB4202BF2A
:10C7700002F00102C2F1020305933FF4AEAA0023C6
:10C780000593FFF7AABA1CA3D3E90023CDE90C2334
:10C790001BA3D3E90023CDE910234FF4802400220A
:10C7A0000023C3F6F873CDE90823FFF735BB5246E3
:10C7B00001F062FB08E602460B4600200021C3F6AA
:10C7C000F071CDF8149003F047FC1CE6AFF3008045
:10C7D000000000604715F73F44DF5DF80BAE543EA4
:10C7E000555555555555D53FFE822B654715F73F95
:10C7F0009C7500883CE4377E0000004003B8E23FAF
:10C8000006D0CF43EBFD4C3E2DE9F8430026C7F69A
:10C81000F07604460D468E4300F0A2800B46074694
:10C82000024600295FDD081571D0C3F31303A0F29F
:10C83000FF3643F48013C0075EBFD10F520001EBF7
:10C84000430300257610AE465B00162003EBD2733F
:10C8500052004FF400110EEB0104A342A2BF1B1BB8
:10C8600001EB040E6D1849085B00013803EBD2732D
:10C870004FEA4202EFD10746804620244FF00040A5
:10C8800015E0944598BF9E4518BF590008D10CEBA0
:10C890000008BCF1000F48DB0021A2EB0C020744AA
:10C8A00001EBD27140080B465200013C41D008EB2D
:10C8B000000C9E45E5DA0CEB0008BCF1000F0CDB28
:10C8C000F146A3EB0E0194458DBF01F1FF31CE4639
:10C8D0004900CE4688BF4900DFE7B8F1000FEFDB23
:10C8E0000EF10109EDE721F00046064336D000299C
:10C8F00040D1D10A153B52050029FAD0CD02184685
:10C9000017460B4644BF20244FF0FF3109D40022C4
:10C910005B0011460132DC02FAD5C2F1200407FAAD
:10C9200002F2E740401A3B437FE7B8F1000FD7DA45
:10C93000B2E7114308BF7C0804D0791C16BF781CED
:10C94000013544086B10EA0703F17F5348BF44F0F8
:10C95000004403F50013204603EB0651BDE8F883BD
:10C9600002460B4603F04EFA22462B4603F094F89B
:10C97000BDE8F88303F08EF802460B4603F06CFB2B
:10C98000ECE700BF70B521F0004620F00045B5F19E
:10C99000FF4FD8BFB6F1FF4F45DCB1F17E5F58D0F5
:10C9A0008C17864604F0020444EAD07445B9022C80
:10C9B0004AD0032C03D140F6DB70CCF2490070BDA5
:10C9C000002E36D0B6F1FF4F47D0B5F1FF4F30D033
:10C9D000AD1BB5F1F45F4FEAE553A4BF40F6DB7041
:10C9E000C3F6C97009DA13F13C0FACBF0023012371
:10C9F00013EAD17318BF00204DD0012C08BF00F1FD
:10CA00000040DCD0022C4DD0002CD8D04BF62E515B
:10CA1000C3F2BB3103F044FD40F6DB71C4F24901BF
:10CA200003F03CFD70BD0A460146104603F038FD98
:10CA300070BDBEF1000F40F6DB70B8BFCBF6C97019
:10CA4000BDDBC3F6C97070BD40F6DB70C4F24900AF
:10CA500070BDBDE8704001F087BA013CB5F1FF4FF1
:10CA60000BD0022C88BF0020A9D842F65873C0F61C
:10CA7000030303EB8403D86870BD022C84BF40F627
:10CA8000DB70C3F649709AD842F65873C0F60303B8
:10CA900053F8240070BD03F0BFFE01F091FB01F0DC
:10CAA00063FAAAE74BF62E51C3F2BB3103F0F8FC50
:10CAB000014640F6DB70C4F2490003F0EFFC70BDA4
:10CAC0002DE9F04F40F6D872C3F6497220F00046C7
:10CAD00089B096420C469EBF086000224A6040F230
:10CAE00086804CF6E332C4F21602054696422BD8F5
:10CAF0004FF47861C3F6C971002840F3438125F0F3
:10CB0000004503F0CBFC25F00F054FF47D63C3F621
:10CB1000C97306469D426CD044F24341C3F235715D
:10CB200003F0BCFC05462946304603F0B7FC44F24E
:10CB30004341C3F2357103F0B1FC25600127606009
:10CB4000384609B0BDE8F08F4FF47862C4F249323C
:10CB5000964267D9B6F1FF4F44D2F715863FA6EB50
:10CB6000C756304603F080FF03F04EFD01463046C5
:10CB7000059103F093FC4FF0874103F099FD804647
:10CB800003F072FF03F040FD06463146404606962C
:10CB900003F084FC4FF0874103F08AFD00210790E9
:10CBA00003F01AFF032338B13046002103F014FFCD
:10CBB000002814BF0123022390493A46019105A899
:10CBC00002210091214600F04DFA002D0746B7DA08
:10CBD000D4E90023474202F1004203F100432260FE
:10CBE0006360ADE7014603F059FC606020600027F8
:10CBF000A6E74FF48841C3F2357103F04FFC4AF2C7
:10CC00000831C2F68561064603F048FC0546294610
:10CC1000304603F043FC4AF20831C2F6856103F066
:10CC20003DFC8AE701F0CCFA4FF68411C3F622717D
:10CC3000804603F03DFD4FF07C5103F031FC03F0E2
:10CC400013FF074603F0E0FC4FF47861C3F6C971A7
:10CC5000824603F02DFD0146404603F01FFC44F2DE
:10CC60004341C3F235718146504603F021FD1F2F29
:10CC7000804626DC7A1E42F67073C0F6030353F832
:10CC8000222025F0004323F0FF03934219D00146F0
:10CC9000484603F003FC834659464846C4F800B0B2
:10CCA00003F0FCFB414603F0F9FB002D6060BFF68A
:10CCB00047AF0BF1004300F100407F42236060600A
:10CCC0003EE74146484603F0E9FBF615C0F3C7527C
:10CCD0008346B21A082ADFDD50464FF48841C3F27A
:10CCE000357103F0E5FC80464146484603F0D6FB2B
:10CCF0000346194603904846994603F0CFFB414648
:10CD000003F0CCFB4AF20831C2F6856180465046FA
:10CD100003F0CEFC414603F0C1FB80464146484645
:10CD200003F0BCFBC0F3C752B61A8346192ED8BF16
:10CD3000DDF80C90B0DD50464FF42341C2F685611A
:10CD4000C84603F0B5FC06463146484603F0A6FB4C
:10CD500081464946404603F0A1FB314603F09EFB65
:10CD600043F23211C2F28D410646504603F0A0FC58
:10CD7000314603F093FB80464146484603F08EFB64
:10CD8000834689E725F0004503F08AFB25F00F056F
:10CD90004FF47D63C3F6C97306469D4215D044F235
:10CDA0004341C3F2357103F07BFB0546294630460B
:10CDB00003F074FB44F24341C3F2357103F070FB9E
:10CDC00025604FF0FF376060BAE64FF48841C3F248
:10CDD000357103F065FB4AF20831C2F685610646FB
:10CDE00003F05EFB05462946304603F057FB4AF246
:10CDF0000831C2F6856103F053FBE1E7F02F030829
:10CE000020F0004238B5B2F1FF4F04463BD2CAB31E
:10CE1000034600283EDBC01514F0FF4F08D114F480
:10CE200000023ED15B00114601321C02FAD5401AC5
:10CE3000C3F31603C20743F40003A0F17F054FF0CC
:10CE40000000044658BF5B006D104FF0190C4FF006
:10CE500080725B0004EB020E19469E45DEBFA3EB19
:10CE60000E010EEB0204801852084B00BCF1010CBD
:10CE7000F0D111B1013020F00100401000F17C50E0
:10CE800000EBC55038BD014603F012FC214603F00B
:10CE900007FB38BD014603F001FB014603F0BCFC73
:10CEA00038BD4FF0FF31C2E72DE9F84320F00046CE
:10CEB00005468846B6F1485F5CD203F0D5FD0028F0
:10CEC00000F0CC802946284603F0F2FB4DF24E716B
:10CED000CAF64751044603F0EBFB47F2F641C3F2B2
:10CEE0000F1103F0DDFA214603F0E2FB4FF27C2143
:10CEF000C3F2934103F0D2FA214603F0D9FB40F686
:10CF00000151C3F2D07103F0CBFA214603F0D0FBFC
:10CF100040F66131C3F6B62103F0C0FA214603F0B2
:10CF2000C7FB4AF6AB21C3F62A5103F0B9FA2146F2
:10CF300003F0BEFB074620464FF07C5103F0B8FBE0
:10CF40003946034620461C4603F0B2FB41460646DE
:10CF5000284603F0ADFB0146304603F09FFA014638
:10CF6000204603F09BFA01464FF07E5003F096FAFC
:10CF7000BDE8F883014603F09BFB4DF24E71CAF603
:10CF80004751044603F094FB47F2F641C3F20F11F8
:10CF900003F086FA214603F08BFB4FF27C21C3F2AB
:10CFA000934103F07BFA214603F082FB40F60151E6
:10CFB000C3F2D07103F074FA214603F079FB40F616
:10CFC0006131C3F6B62103F069FA214603F070FB24
:10CFD0004AF6AB21C3F62A5103F062FA214603F068
:10CFE00067FB49F69913C3F6996307469E42A2D997
:10CFF0000023C3F648739E4228D806F17F464FF0BF
:10D000007E50314603F04AFA814620464FF07C516B
:10D0100003F04EFB314603F041FA39460346204601
:10D020001C4603F045FB41460646284603F040FBFC
:10D030000146304603F032FA0146204603F02EFA4C
:10D040000146484603F02AFABDE8F8834FF000098C
:10D05000C3F638790026C3F69066D6E74FF07E50C7
:10D06000BDE8F8832DE9F04F94461C46DDB01CF175
:10D07000040F669A079343F20833C0F60303029045
:10D08000099153F822A004F1FF330193C0F2FB820F
:10D09000BCF103020CF1040358BF1346DB100693E6
:10D0A0000133DB000A930A9B069AACEB030303935C
:10D0B000019BD41A1AEB030613D40136DDF89C81C8
:10D0C000264420ADE14600273846002C03DB58F803
:10D0D000240003F099FA013445F8040BB442F3D16B
:10D0E000CC46BAF1000F32DB019B20A9CDF800A09D
:10D0F00048AF9B46CDF810C09A00079B8E18029946
:10D1000004320AEB03095518B2465E46019B002B18
:10D11000B8BF002410DBDDF808B0D046002458F872
:10D1200004195BF8040B03F0C3FA0146204603F030
:10D13000B7F9AB450446F2D101360AF1040A4E456F
:10D1400047F8044BE2D1DDF800A0DDF810C04FEA4B
:10D150008A0307991A1F303330326B446A440892AD
:10D16000029AD146CDF810A09A46CDF82CC002EB19
:10D1700081055CABB9F1000F03EB890353F850BC98
:10D1800022DD0DF590780CAF08EB89064FF06E515B
:10D19000584603F08DFA03F067FC03F035FA4FF0C0
:10D1A0008741044603F084FA0146584603F076F9B5
:10D1B00003F05AFC56F8041D47F8040B204603F010
:10D1C0006FF946458346E1D1039F5846394601F041
:10D1D00043F84FF07851044603F06AFA00F0F4FF88
:10D1E0004FF0824103F064FA0146204603F056F9FD
:10D1F000044603F039FC064603F006FA01462046D1
:10D2000003F04CF9002F804640F3818009F1FF3193
:10D210000CABC7F10800C7F1070253F8217047FAB9
:10D2200000F31E448340FF1A0CAB43F821701741F2
:10D23000002F00F31D814046002103F0CDFB0028A4
:10D2400000F0C880049B09F180419945C2BF0CAB36
:10D2500003EB8903002207DD53F8040D0243534515
:10D26000FAD1002A40F01F81049B0CAA013B52F81E
:10D270002330002B40F01381089A012352F8040D4B
:10D2800001330028FAD009EB030209F10106079BDC
:10D29000069803F180430092013BCDF814A04B4463
:10D2A00000EB0609679800EB890920A800EB8307CB
:10D2B00048AB03EB810859F8040B03F0A5F9019B77
:10D2C00047F8040F002B1ADBDDF808A0BB4600244A
:10D2D0005BF804195AF8040B03F0EAF901462046FA
:10D2E00003F0DEF8AA450446F2D1009B013648F867
:10D2F000044F9E42DFDDDDF814A0994639E7009B1C
:10D300000136002448F8044F9E42D4DDF3E740F094
:10D31000978009F1FF330CAA52F823703F12002FB7
:10D3200089DD0136B9F1000F40F3018200210CA81C
:10D330000C46AC460FE0013142F8045C894540F3ED
:10D340009F8113680131C3F1FF0389454FF0010448
:10D3500040F8043C0DDD024652F8043B002C6DD130
:10D360000830C3F58075002BE5D1013110468945A1
:10D37000F1DC6546039B002B0FDD039B012B00F0C6
:10D380008380022B09D109F1FF320CAB0CA953F8B1
:10D39000223003F03F0341F82230022F7FF44BAFDD
:10D3A00041464FF07E5003F079F88046002C3FF460
:10D3B00042AF03994FF07E5000F04EFF01464046C9
:10D3C00003F06CF880464046002103F005FB00287E
:10D3D0007FF438AFDDE90A3C4046DDF810A0A3EB4E
:10D3E0000C0100F039FF4FF08741044603F012FBB7
:10D3F000002800F07781039B4FF06E51204609F121
:10D4000001080833039303F053F903F02DFB03F0F5
:10D41000FBF84FF08741054603F04AF901462046E4
:10D4200003F03CF803F020FB0CAB43F8290028463E
:10D4300003F01AFB0CAB43F828004DE0104681E7DF
:10D440004FF07C5103F0E6FA074600283FF4F3AEB4
:10D45000B9F1000F06F10106C8BF02273FF766AF1A
:10D4600041464FF07E5003F019F802278046E2E66D
:10D47000B9F1000F06F10106D8BF00243FF756AFFF
:10D48000039B012B7FF47DAF09F1FF320CAB0CA99C
:10D4900053F8223003F07F0341F822307DE709F191
:10D4A00001063246F3E6DDE9033A09F1FF38A3F15C
:10D4B00008020CAB039253F828306BB909F1804392
:10D4C0000CA9013B01EB830353F8041D08F1FF385D
:10D4D000083A0029F8D0039203994FF07E5000F0EB
:10D4E000BBFEB8F1000F8346C0F22B814FEA8802E1
:10D4F00048AB02F1300113440DEB0109CDE90036D0
:10D500001C464E4691464FF06E55306803F07CF84D
:10D51000594603F0CDF8294644F80409584603F06B
:10D52000C7F80CAB9E428346A6F10406EDD1009BE2
:10D530004A4600974FF000091E464F460292BAF144
:10D54000000FB8BF002415DBDFF838B2B146002465
:10D55000002501E0BD420DDC59F8041B01355BF8E4
:10D56000040B03F0A5F80146204602F099FFAA45F6
:10D570000446EFDA5CAB043E03EB8702474542F812
:10D58000A04C07F1010201D01746D8E7669BDDE900
:10D590000076022B029A17DC002B79DC02BF34AD37
:10D5A0000020AC180BD1216802F07AFFAC42A4F144
:10D5B0000404F8D10FB100F10040099B186006F097
:10D5C00007005DB0BDE8F08F669B032BF7D1B8F183
:10D5D000000F00F0C78034ABC14603EB020ACDE96F
:10D5E0000076D34655469C58029255F8048C204646
:10D5F00026462F464146043D02F052FF044621468E
:10D60000404602F04BFF314602F04AFF34AB6860FF
:10D610002C60AB42E9D1C846029AB8F1010FB94675
:10D62000019E18BF5446009F18BF9D5800F09A8075
:10D6300054F804AC2846A846514602F031FF05468E
:10D640002946504602F02AFF414602F029FF206099
:10D6500044F8045DA145EBD100205BF8041902F009
:10D660001FFFD945F9D1002F44D10999349A359B30
:10D67000886006F007000A604B605DB0BDE8F08F7F
:10D680006546012476E608230A93002306930AE5FB
:10D690000DF1D009002009EB02054C46296802F083
:10D6A000FFFEA945A5F10405F8D1002F33D1099B50
:10D6B00001461860349802F0F1FEB8F1000F0AD06C
:10D6C000012554F8041F013502F0EAFEA845F8DAF6
:10D6D0000FB100F10040099B586006F007005DB0F3
:10D6E000BDE8F08F2046C84603F0BEF90CAB43F806
:10D6F0002900F1E6099900F10040DDE93423886052
:10D7000006F0070002F1004203F100430A604B609B
:10D710005DB0BDE8F08F099A00F1004301463498EE
:10D72000136002F0BBFEB8F1000FC9D1D1E7022FA0
:10D730007FF481AD01464FF07E5002F0AFFE80468F
:10D7400079E5669B022B09DC002B0FDC08BF00206B
:10D750007FF435AF002F3FF430AF2CE7669B032BEF
:10D760007FF42DAF0020002FC4D17EE727B9099A9E
:10D77000002334981360AEE7099A4FF000433498C1
:10D780001360A6E7143303082DE9F84320F00043A3
:10D7900004460E469046B3F1485F03D203F064F9A5
:10D7A00000286DD02146204602F082FF0546014642
:10D7B000204602F07DFF4CF6D311C2F62E71814651
:10D7C000284602F075FF42F63471C3F2D72102F009
:10D7D00065FE294602F06CFF4EF61B71C3F23861FC
:10D7E00002F05EFE294602F063FF40F60151C3F6E7
:10D7F000501102F053FE294602F05AFF48F6890103
:10D80000C3F6084102F04CFE0746B8F1000F25D0E0
:10D8100030464FF07C5102F04BFF39468046484677
:10D8200002F046FF0146404602F038FE294602F06B
:10D830003FFF314602F032FE4AF6AB21C3F62A61C1
:10D840000546484602F034FF0146284602F028FE0D
:10D850000146204602F022FEBDE8F8830146284634
:10D8600002F026FF4AF6AB21C3F62A6102F016FE4B
:10D87000494602F01DFF214602F012FEBDE8F88382
:10D880002046BDE8F88300BF2DE9F04D21F00043AC
:10D8900046F67905C4F2430584B082468B4601F012
:10D8A0000044AB4217D942F64165C4F28605AB424B
:10D8B00040F2E0804FF6FF75C7F6EF75AB4240F2DD
:10D8C000D180C1F31302024300F0C08102460B462F
:10D8D00002F0E2F81FE142F64262C3F6D6729342CA
:10D8E00000F238814FF6FF72C3F68F42934288BF31
:10D8F0004FF0000840F2588100225046594600235C
:10D90000C3F6E07302F07EFA04460D4622462B462B
:10D910005046594602F076FA0646DBA3D3E90023C7
:10D920000F4602F06FFADAA3D3E9002302F0B4F84D
:10D9300032463B4602F066FAD7A3D3E9002302F051
:10D94000A9F832463B4602F05DFAD5A3D3E900239D
:10D9500002F0A2F832463B4602F054FAD2A3D3E9D1
:10D96000002302F097F832463B4602F04BFA0022C1
:10D970000023C3F6F07302F08FF802460B462046F0
:10D980002946CDE9002302F03DFA02460B4600206D
:10D990000021C4F2080102F07DF804460D4622463B
:10D9A0002B46DDE9000102F075F822462B460446BD
:10D9B0000D465046594602F025FA02460B46002015
:10D9C0000021C4F2180102F065F802460B46204619
:10D9D000294602F041FB32463B4602F013FA02466A
:10D9E0000B46B8F1000F00F08880DDE902452246C1
:10D9F0002B4602F04FF852465B4602F003FA2246ED
:10DA00002B4602F047F832463B4602F043F8B8F1A5
:10DA1000FF3F04460D4600F0F880B8F1010F00F01A
:10DA2000CB8008F10103392B00F2A980B8F1130F64
:10DA300000F314814FF40016524646FA08F65B468E
:10DA4000C6F17F5502F026F805F5401502460B4653
:10DA500000242946204602F01DF801EB085104B0CD
:10DA6000BDE8F08D92A3D3E9002302F05BFC00280F
:10DA700040F04B81002C51D18FA3D3E900235046B5
:10DA8000594602F0BFF90B460021C3F6E071024689
:10DA9000002002F001F802F065FC804602F048F92F
:10DAA000064687A3D3E900230F4602F0ABF90246EE
:10DAB0000B465046594601F0EDFF044682A3D3E9D8
:10DAC000002330460D46394602F09CF906460F46C3
:10DAD00032463B462046294601F0DCFF82468B4613
:10DAE00052465B462046294601F0D4FF32463B466B
:10DAF00001F0D0FFCDE90201FEE65046594602F0A2
:10DB000081F932463B4601F0C5FF02460B465046BE
:10DB1000594601F0BFFF04B0BDE8F08D6CA3D3E916
:10DB200000235046594601F0B7FF0022002302F0BF
:10DB3000DBFB002840F08D805FA3D3E90023504633
:10DB4000594602F05FF902460B4600200021CBF651
:10DB5000E0719EE74AF2B122C3F6F072934267D8B1
:10DB600057A3D3E90023002C45D001F095FF4FF0D7
:10DB7000FF3859A7D7E9006704460D46A8E7524683
:10DB80005B4601F087FF02460B4600200021C3F6EA
:10DB9000F07101F07FFF002201EB08510023C3F672
:10DBA000F07301F077FFB6E74DA3D3E9002301F04E
:10DBB00073FF02460B46A6E70023CBF6D073504610
:10DBC0005946002202F090FB002800F08D8050465C
:10DBD000594600220023C3F6E07301F05DFF0246C0
:10DBE0000B462046294601F055FF00224FF04043E6
:10DBF00002F008F98FE701F04DFF4FF0010832A75E
:10DC0000D7E9006704460D4662E702460B465046D8
:10DC1000594601F03FFF00220023C3F6E07302F0F3
:10DC2000F1F800220023C3F6E07301F033FF72E73E
:10DC300021A3D3E9002302F0E5F802460B460020B9
:10DC40000021002C67D0CBF6E07122E7002C3FF4D6
:10DC500062AF0021CBF6F07100205CE7C8F57F745D
:10DC600000220334230501F017FF02460B465046FD
:10DC7000594601F00FFF00220023C3F6F07301F0B4
:10DC80000BFFEAE6AFF300802DC3096EB7FD8ABE35
:10DC90003952E686CACFD03EB7DBAA9E19CE143FD2
:10DCA0008555FE19A0015A3FF41011111111A13F21
:10DCB000EF39FAFE422E8640FE822B654715F73F6C
:10DCC0000000E0FE422EE63F763C7935EF39EA3D32
:10DCD00059F3F8C21F6EA501763C7935EF39EABDDC
:10DCE0009C7500883CE4377E22462B4650465946B8
:10DCF00001F0D0FE02460B4601F0CEFE00220023CA
:10DD0000C3F6F07301F0C8FE05E7002004B0BDE8DB
:10DD1000F04D00F027BBC3F6E071BAE621F00043F6
:10DD20001946704741F0004000F58010C00F704761
:10DD300000200021C7F6F871704700BF2DE970433D
:10DD4000C1F30A55A5F2FF3E82B002460B460C46CF
:10DD50008446CE0FBEF1130F6CDCBEF1000F36DB34
:10DD60004FF6FF71C0F20F0141FA0EF101EA030014
:10DD7000104365D049080B4052EA030C0ED0AEF1B7
:10DD8000130C24EA0101BCFA8CFC4FF4802444FA01
:10DD90000EF44FEA5C1C0C434FEACC7C43F2403358
:10DDA000C0F6030303EBC60123466246D1E90045F2
:10DDB0002046294601F070FECDE90001DDE90001B1
:10DDC00022462B4601F066FE02B0BDE8708321F0CA
:10DDD000004101431946F7D0C3F3130243F2403325
:10DDE000C0F60303024303EBC60553421343620C20
:10DDF00004F00044D5E900891B0B03F4002352040E
:10DE000043EA020102460B464046494601F044FE01
:10DE1000CDE9000142464B46DDE9000101F03AFE42
:10DE200021F00041024644EA01031046194602B0BF
:10DE3000BDE87083BEF1330F07DDBEF5806F17D0EC
:10DE40001046194602B0BDE87083A5F213454FF0A5
:10DE5000FF31E9400842F3D0490808421FBF20EAD9
:10DE600001014FF0804C4CFA05FC41EA0C0C95E79F
:10DE700001F012FEA8E700BFF8B504460D461746AC
:10DE80000B46C1F30A5676BB21F00043034329D069
:10DE900000220023C4F2503301F0B4FF43F6B04334
:10DEA000CFF6FF7304460D469F424DDBC1F30A5681
:10DEB0000B46363EBA1940F2FE718A421BDC002A3C
:10DEC0003ADC12F1350F25DB363223F0FF4323F421
:10DED000E003204643EA02510023C3F690430022A8
:10DEE00001F090FFF8BD40F2FF729642E2D1024687
:10DEF00001F0D2FDF8BD18A3D3E90023ED0F47F2DE
:10DF00009C50C8F600001C4665F3DF74214601F002
:10DF100079FFF8BD05F000444FF25930CCF2F820FB
:10DF200044F0D27141F4B7310DA3D3E9002341F09D
:10DF30001F0101F067FFF8BD23F0FF43204623F4E3
:10DF4000E00343EA0251F8BD05A3D3E9002301F041
:10DF500059FFF8BDAFF300809C7500883CE4377E24
:10DF600059F3F8C21F6EA5012DE9F04120F00045DC
:10DF700004460746B5F1A14F0DD3B5F1FF4F00F2AE
:10DF8000A080002C40F6DB70C8BFC3F6C97040F318
:10DF9000AC80BDE8F0814FF6FF73C3F6DF639D42AE
:10DFA00000F2A780B5F1445FC0F090804FF0FF38D9
:10DFB0002146204602F07CFB0146064602F078FB33
:10DFC00046F6D711C3F68541054602F071FB4DF6C2
:10DFD0005921C3F64B5102F063FA294602F068FB5F
:10DFE00046F63531C3F6885102F05AFA294602F056
:10DFF0005FFB42F66E61C3F6BA5102F051FA294650
:10E0000002F056FB44F62511C3F6126102F048FAFD
:10E01000294602F04DFB4AF6AB21C3F6AA6102F095
:10E020003FFA314602F044FB4AF22121CBF615516A
:10E030000646284602F03CFB4FF26B11C3F66E51C8
:10E0400002F02CFA294602F033FB48F29571C3F630
:10E050009D5102F023FA294602F02AFB48F6386166
:10E06000C3F6E35102F01AFA294602F021FB4CF6FE
:10E07000CD41C3F64C6102F011FA294602F018FBBB
:10E08000B8F1FF3F0146304657D002F009FA43F29B
:10E090005035C0F60305214602F00AFB05EB880364
:10E0A000196902F0FBF9214602F0F8F9014655F82A
:10E0B000280002F0F3F9002FB8BF00F10040BDE8DE
:10E0C000F081014602F0ECF9BDE8F0814FF2CA217F
:10E0D000C7F2491102F0E4F94FF07E5102F0A4FCBE
:10E0E00000283FF463AF204653E7CBF6C970BDE884
:10E0F000F08100F065F84FF6FF73C3F6977304469E
:10E100009D424FF6FF7323D8C3F62F739D4244D828
:10E1100001464FF0000802F0C3F94FF07E5102F0C3
:10E12000BDF94FF080410546204602F0B9F901469D
:10E13000284602F071FB04463AE702F0B1F92146A5
:10E1400002F0B6FA0146204602F0A8F9BDE8F081D7
:10E15000C4F21B039D4216D84FF07F514FF00208C6
:10E1600002F09CF94FF07F51034620461C4602F016
:10E170009FFA4FF07E5102F093F90146204602F0DB
:10E180004BFB044614E721460020CBF680704FF08D
:10E19000030802F041FB04460AE74FF07E514FF0BE
:10E1A000010802F07BF94FF07E510546204602F04F
:10E1B00077F90146284602F02FFB0446F8E600BF37
:10E1C00020F00040704700BF2DE9F04120F00047EB
:10E1D0000446FD0D7F3D162D36DC8046002D1BDBF1
:10E1E0004FF6FF73C0F27F0343FA05F7384228D099
:10E1F0004FF2CA21C7F2491102F052F9002102F090
:10E2000013FCF0B1002CBEBF4FF400032B41984427
:10E2100028EA0700BDE8F0814FF2CA21C7F2491190
:10E2200002F03EF9002102F0FFFB50B1002CA8BF24
:10E23000002007DA4FF0004027B10020CBF68070B5
:10E2400000E02046BDE8F081B7F1FF4FF9D3014669
:10E2500002F026F9BDE8F081034630F0004C2AD0E8
:10E26000BCF1FF4F10B522D20C46024610F0FF4F12
:10E2700022D14FF0984102F01BFA43F6B042CFF69C
:10E28000FF72034694423ADBC0F3C75C0246ACF12E
:10E29000190C0CEB0401FE2914DD18464FF2CA21BB
:10E2A000C7F2491161F31E0002F002FA10BD0146E7
:10E2B00002F0F6F810BD70474FEADC5C0CEB04018D
:10E2C000FE29EADC002915DC11F1160FAFBF01F1C0
:10E2D0001900184644F26021C0F6A251A5BF22F0F1
:10E2E000FF424FF04C5161F31E0042EAC05002F071
:10E2F000DFF910BD22F0FF4242EAC15010BD44F2E6
:10E300006021C0F6A25102F0D3F910BDD0B5064687
:10E310000F46144602F0A2FC0346394630461C6004
:10E32000D0BD00BF00B583B078B1104603F1004105
:10E33000CDE9000110461946DDE9002301F062FD38
:10E34000222203B05DF804EBE0E710461946EFE740
:10E3500000224FF08053E5E70023C1F65863002206
:10E36000E0E700BF00224FF0E043DBE700B500220A
:10E37000002383B070B1CBF6F073CDE90023002207
:10E38000DDE90001002301F067FE222203B05DF801
:10E3900004EBBBE7C3F6F073EFE700BFF8B5024646
:10E3A0000B4604460D4601F075FB02460B4601F094
:10E3B00053FE224606460F462B462046294601F0CC
:10E3C000BBFF28B9304639462122BDE8F8409DE719
:10E3D00030463946F8BD00BF38B500220023044658
:10E3E0000D4601F077FF10B92046294638BD20467A
:10E3F00029462222BDE8384088E700BFF8B521F061
:10E4000000470D464FF6FF73C7F6EF7339464FF0DE
:10E41000FF32044601F090FF50B94FF6FF73C7F684
:10E42000EF73204639464FF0FF3201F067FF10B11D
:10E4300020462946F8BD204629462222BDE8F8405C
:10E4400064E700BF836823F001038360704743687B
:10E4500043F4807343607047836823F400638360F0
:10E4600070470068C0F380007047013903290CD859
:10E47000DFE801F002050709C06B00B27047006CCD
:10E48000FBE7406CF9E7806CF7E700207047836892
:10E4900043F00203836070471029F0B510D80023C1
:10E4A0004FF0010E1F469C461D465FFA8EF68E42C7
:10E4B00007D9013945EA0155C562C0F830C0476344
:10E4C000F0BDBEF1060F147806D89C4027430EF12C
:10E4D000010E01320533E8E7073E052E8BBFA3F19D
:10E4E0003C06A3F11E06B440B4408CBF25434CEA61
:10E4F000040CECE7042970B508D854180F25002344
:10E50000944204D1013943EA0153836370BD14F886
:10E51000016DAE403343053DF2E7013903290AD8C6
:10E52000DFE801F00204060842617047826170472B
:10E53000C261704702627047836843F0804300F114
:10E540000802836013685B00FCD47047836843F45F
:10E55000800300F10802836013685B02FCD47047FB
:10E56000836843F4807383607047836843F00103DA
:10E57000836070478368114323F47C1319438160DF
:10E580007047836843F4007383607047034AD2F88E
:10E59000043343F40003C2F8043370470020014001
:10E5A000092910B50AD8036901EB410107248C4001
:10E5B00023EA04038A401A43026110BD0A39C36882
:10E5C00001EB410107248C4023EA04038A401A43EB
:10E5D000C260F2E710B50022134601FA02F40332DA
:10E5E0001E2A43EA0403F8D10361002201FA02F46F
:10E5F0000332182A43EA0403F8D1C36010BD0000B7
:10E60000044B98420CBF40F2194040F21A4000F00F
:10E6100086BC00BF006400402DE9F34104689DF80A
:10E6200020C09DF83C609DF8407024F00204046016
:10E63000046844F001040460884696464FF6FF746F
:10E640009DF824109DF828200194019C013C019420
:10E65000051D14B14468E407F7D54468E4076ED596
:10E660000024C4610468B8F1000F4FD044F0800466
:10E6700004600468BEF1000F4BD044F04004046015
:10E68000002B49D0036843F0200303600368BCF10A
:10E69000000F45D043F0100303600368002942D007
:10E6A00043F0080303600368002A3FD043F00403EB
:10E6B0000360C369002F3CD043F00043C361C369CA
:10E6C000002E39D043F08043C3610E9B0D99C2697F
:10E6D000013BC3F309030B430C990B430B990B4309
:10E6E0001343C361036823F0010303604FF6FF7314
:10E6F0000193019B013B019313B12B68DB07F8D415
:10E70000406800F0010002B0BDE8F08124F0800410
:10E71000AEE724F04004B2E7036823F02003B4E737
:10E7200023F01003B8E723F00803BBE723F004034A
:10E73000BEE723F00043C1E723F08043C4E7012094
:10E74000E1E70000F0B5244C9DF81C70D4F8006699
:10E7500046F00106C4F80066D4F81CE601258540A1
:10E760002EEA050EEE43C4F81CE639B3D4F80C16B5
:10E770002943C4F80C162AB3D4F804262A4300F11E
:10E78000006000F6C840C4F80426C000069A036082
:10E79000059B4360104BCAB1D3F814262A43C3F833
:10E7A000142627B1D3F81C262A43C3F81C26D3F815
:10E7B000002622F00102C3F80026F0BDD4F80C16A2
:10E7C0003140D6E7D4F804263240D8E7D3F81426EF
:10E7D0001640C3F81466E4E70060004030B4BDF8AA
:10E7E00008409DF81050049543EA0443029341EA1F
:10E7F0000243002230BC1146FFF7A4BF30B4BDF87D
:10E8000008409DF81050049544EA0344029442EAFB
:10E81000014330BC01220021FFF794BF1FB59DF8D2
:10E82000184000920122CDE901340B461146FFF752
:10E8300089FF04B010BD43690B43436170474369CE
:10E8400023EA0103436170472DE9F0418046806867
:10E850009DF818E0079E45012AD4D8F80800040165
:10E860002AD4D8F80800C00050D54FF4D075022043
:10E8700005EB080422B3C90041F0040145F8081073
:10E880001BB1236843F002032360636823F00F0386
:10E89000636062680EF00F03134363600EF1FF3391
:10E8A000072B2AD8DFE803F02623201B1815120EA9
:10E8B0004FF4C0750020DBE74FF4C8750120D7E79F
:10E8C0004905DBE7F379002763F31F67B37963F347
:10E8D0001747737963F30F27337963F30707F378E7
:10E8E0004FF0000C63F31F6CB37863F3174C73782D
:10E8F00063F30F2C337863F3070CC4F808C0E760A8
:10E90000236843F001032360BDE8F0814FF0FF303E
:10E91000FAE721B9C36843F02003C3607047036975
:10E9200043F020030361704719B9C06800F0030089
:10E9300070470069FAE72DE9F743DDF828900446AF
:10E94000DDE90E56FFF7F0FF0F4680464FF4E07109
:10E950004FF4D870CDE9000102A901EB870151F80D
:10E9600008CC54F80C1011F004011BBF012189F8E8
:10E97000001089F8001054F80C100ABF54F80C105D
:10E98000C908490D196054F80C100B9B04EB0C00DE
:10E99000C1F34001197041680C9B090A1970416864
:10E9A0000D9B01F00F01197016B143681B0C3380E9
:10E9B0008668C3682B71C6F307216970C6F30741E7
:10E9C000A970C3F307212E706971C6F30766C3F3FC
:10E9D0000741C3F30763EE70A971EB711AB13946B1
:10E9E0002046FFF796FF404603B0BDE8F0830000E5
:10E9F000024A936843F0010393607047003002407D
:10EA0000014B1860186870470030024010B5054A85
:10EA100000238B4201DB106810BD50F823401460C6
:10EA20000133F6E700300240024BD3F8220A80B2ED
:10EA3000704700BF0070FF1F182313FB010310B5C0
:10EA40001A6922F001021A6100221A61C3E9062242
:10EA50005A611A6221225A62C1F340031B0101F07C
:10EA60000104062212FB043203294FF03D0303FA8E
:10EA700002F395BF8268C2681343134394BF836057
:10EA8000C36010BD30B5C1F3400401F0010524019D
:10EA9000062313FB05439A40032994BF8260C2609A
:10EAA00030BD30B5C1F3400401F001052401062357
:10EAB00013FB0543032902FA03F294BF036843687A
:10EAC000134214BF0120002030BD1823103003FB77
:10EAD0000101802A0B680ABF23F4802323F0C003BE
:10EAE00023F4E07313430B6070471823103003FBCB
:10EAF00001010B6823F4C0430B600B6813430B60E8
:10EB000070471823103003FB01010B6823F4C05336
:10EB10000B600B6813430B6070471823103003FB26
:10EB200001010B6843F480630B60704718231030B9
:10EB300003FB01010B6843F480730B6070471823DB
:10EB4000103003FB01010B6813430B60704718235F
:10EB5000103003FB01010B6843F001030B607047A9
:10EB60001823103003FB01010B6823F001030B6035
:10EB70007047182303FB01000369DB0758BF82615C
:10EB80007047182303FB01000369D90704D503F478
:10EB90004023B3F5402F00D1C261704718231430D1
:10EBA00003FB0100006880B270471430182303FB98
:10EBB000010002607047000001290FD0022918D01F
:10EBC00059B90E4BD3F8082C0243C3F8082CD3F8DC
:10EBD0000C2C22EA0002C3F80C2C7047074BD3F828
:10EBE000082C22EA0002C3F8082CD3F80C2C0243AC
:10EBF000F1E7024BD3F8082C0243F4E70030014060
:10EC0000054BD3F8002C0243C3F8002CD3F8042C96
:10EC10000243C3F8042C704700300140064BD3F880
:10EC2000002C22EA0002C3F8002CD3F8042C22EABC
:10EC30000002C3F8042C704700300140014BC3F8B8
:10EC4000140C7047003001402DE9F04F2C4FDFF8D5
:10EC5000B4E0DFF8B480DFF8B490DFF8B4A0DFF8F8
:10EC6000B4B084460022012303FA02F010EA0C0F2C
:10EC70001ED02948814239D027D8A0F54060814272
:10EC800036D01AD8514504D0A1EB0B04634263413E
:10EC90005B00224800EB9204A40002F00305206808
:10ECA000AD000F26AE4020EA0600AB4018432060BE
:10ECB0000132102AD7D1BDE8F08F49451AD0184B40
:10ECC00099420CBF05230023E3E7B94214D007D8CB
:10ECD000714513D0A1EB080043424341DB00D8E764
:10ECE000104B99420CBF0A230023D2E70623D0E73A
:10ECF0000323CEE70423CCE70923CAE70723C8E7A9
:10ED000000240240001C024000200240001002408B
:10ED1000000402400008024000180240024E0010A9
:10ED20000014024000280240044AD2F8003C23F0BC
:10ED30000F030343C2F8003C704700BF003002409D
:10ED4000044B054AC3F8042C02F18832C3F8042CA2
:10ED5000704700BF0030024023016745034AD2F8E4
:10ED6000103C43F00043C2F8103C704700300240B2
:10ED7000064BD3F8102C22F44072C3F8102CD3F8B1
:10ED8000102C42EA0022C3F8102C704700300240D9
:10ED900070B50C4C05460E4600F03CFE0220FFF715
:10EDA000E7FFD4F8103C43F00103C4F8103C2E6098
:10EDB00000F030FED4F8103C23F00103C4F8103CFE
:10EDC00070BD00BF0030024038B50D46044600F06B
:10EDD00021FE2846174DFFF7CBFFD5F8103C0B2C32
:10EDE00088BF043423F0F803C5F8103C88BFE4B2B0
:10EDF000D5F8103CE400E4B21C43C5F8104CD5F83B
:10EE0000103C43F00203C5F8103CD5F8103C43F425
:10EE10008033C5F8103C00F0FDFDD5F8103C23F020
:10EE20000203C5F8103CD5F8103C23F0F803C5F8F0
:10EE3000103C38BD00300240816170470904816197
:10EE40007047006908407047436901EA030221EAFC
:10EE5000030141EA0241816170472DE9F0410568F3
:10EE6000C46800264FF0030E43FA06F7FF070DD5DE
:10EE700077000EFA07FC01FA07F825EA0C0524EAE8
:10EE80000C0402FA07F748EA05053C430136102E48
:10EE9000EAD10560C460BDE8F081F0B5066A456A54
:10EEA00000234FF00F0C42FA03F4E70707D59C004C
:10EEB0000CFA04F726EA070601FA04F426430133A4
:10EEC000082BF0D100234FF00F0C03F1080442FA95
:10EED00004F4E40707D59C000CFA04F725EA0705BB
:10EEE00001FA04F425430133082BEED10662456292
:10EEF000F0BD0000024B4AF6AA221A60704700BF1C
:10EF000000300040430903F1804303F50E3300F065
:10EF10001F001968012282400A431A6070474309A2
:10EF200003F1804303F50E3300F01F00196801223E
:10EF3000824011431960196821EA02021A60704781
:10EF400006282BD8DFE800F0041E240A10161A0049
:10EF5000134BD3F80008C0F340607047104BD3F850
:10EF60000008C0F3404070470D4BD3F80008C0F3D1
:10EF7000400070470A4BD3F87008F8E7084BD3F805
:10EF80007408F4E7064BD3F80008C0F340707047EC
:10EF9000034BD3F80008C0F3C060704700207047EF
:10EFA0000030024008B502461046FFF7C9FF0028AE
:10EFB000FAD008BD06280CD8DFE800F004282E0C93
:10EFC00012182000174AD2F8003843F08073C2F8B4
:10EFD00000387047134AD2F8003843F48033F6E71C
:10EFE000104AD2F8003843F00103F0E70D4AD2F896
:10EFF000703843F00103C2F870387047094AD2F8FC
:10F00000743843F00103C2F874387047054AD2F8E7
:10F01000003843F08053DAE7024AD2F8003843F070
:10F020008063D4E70030024006280CD8DFE800F007
:10F0300004282E0C12182000174AD2F8003823F0AA
:10F040008073C2F800387047134AD2F8003823F4AE
:10F050008033F6E7104AD2F8003823F00103F0E7D6
:10F060000D4AD2F8703823F00103C2F870387047A7
:10F07000094AD2F8743823F00103C2F87438704793
:10F08000054AD2F8003823F08053DAE7024AD2F872
:10F09000003823F08063D4E700300240044AD2F8FD
:10F0A000083823F003030343C2F80838704700BF51
:10F0B00000300240044AD2F8083823F4604343EA9F
:10F0C0004033C2F80838704700300240044AD2F892
:10F0D000083823F4E05343EA8023C2F80838704725
:10F0E00000300240044AD2F8083823F0F00343EA23
:10F0F0000013C2F8083870470030024010B547F6D8
:10F10000C07404EA811400F03F001B0603F0706332
:10F1100004431C43029B5208022B02F1FF324FEAC8
:10F12000024238BF022302F440321B0703F0E043DF
:10F1300014431C43014BC3F8044810BD0030024087
:10F1400010B5029C022C38BF022424071B0603F0D2
:10F15000706304F0E04452081C4300F03F0047F69F
:10F16000C073013A03EA8113044312041C4302F4FE
:10F170004032034B144344F48004C3F8044810BDE8
:10F180000030024037B504460420FFF713FFFFF7B5
:10F1900009FF0020FFF782FFE379012B04D1032050
:10F1A000FFF708FFFFF7FEFE40F61C00FFF7AAFE80
:10F1B000E07B00F05FFC207BFFF794FF607BFFF7B4
:10F1C00085FFA07BFFF776FF0020FFF72DFFE37997
:10F1D000A579227961882078012B637900952FD158
:10F1E000FFF7AEFF0020FFF7E5FEFFF7DBFEA368A9
:10F1F0005A0528D500F016FCA3689B0526D500F01B
:10F2000025FCA068FFF790FD0220FFF747FF124A98
:10F21000D2F80838C3F38103022BF9D10F4B2269CE
:10F220001A600F4B62691A600E4BA2691A60E3798B
:10F23000012B0ED1042003B0BDE83040FFF7F4BE2F
:10F24000FFF75CFFCEE700F0F7FBD5E700F008FC26
:10F25000D7E703B030BD00BF00300240BC12002031
:10F26000B8120020B4120020036843F0400303608A
:10F270007047C1608368DB07FCD5C06880B2704707
:10F28000036843F400730360436823F0040343609E
:10F290007047036843F480730360704730B50468B7
:10F2A000049D04F441542C43039D2C431C431443FC
:10F2B00043680C4344F0040443F0040343600460D7
:10F2C000002030BDC3680B43C360704703690B4225
:10F2D00014BF012000207047C943016170470368D3
:10F2E00023F440730360036801F440711943016023
:10F2F0007047036843F0800303607047036823F09E
:10F3000060030360036801F0600119430160704706
:10F31000036823F0100303607047036843F0080399
:10F3200003607047036843F001030360704703689C
:10F3300023F0010303607047436823F00803436030
:10F3400070478162704701637047C1627047062948
:10F350007AD8DFE801F00479337963799200836920
:10F3600023F00303836183698361836923F070035E
:10F370008361072A68D8DFE802F03304090D11150C
:10F38000191D836943F0100383617047836943F05B
:10F390002003F9E7836943F03003F5E7836943F01D
:10F3A0004003F1E7836943F05003EDE7836943F0DD
:10F3B0006003E9E7836943F07003E5E7836923F4B9
:10F3C0004073836183698361836923F4E0438361CC
:10F3D000072A39D8DFE802F004060A0E12161A1EB0
:10F3E0008369D1E7836943F48053CDE7836943F4AC
:10F3F0000053C9E7836943F44053C5E7836943F485
:10F400008043C1E7836943F4A043BDE7836943F4C4
:10F41000C043B9E7836943F4E043B5E7C36923F028
:10F420000303C361C369C361C36923F07003C3618C
:10F43000072A09D8DFE802F03304090D1115191D58
:10F44000C36943F01003C3617047C36943F02003ED
:10F45000F9E7C36943F03003F5E7C36943F04003BC
:10F46000F1E7C36943F05003EDE7C36943F060037C
:10F47000E9E7C36943F07003E5E7C36923F4407328
:10F48000C361C369C361C36923F4E043C361072A4D
:10F49000DAD8DFE802F004060A0E12161A1EC36953
:10F4A000D1E7C36943F48053CDE7C36943F4005304
:10F4B000C9E7C36943F44053C5E7C36943F48043D4
:10F4C000C1E7C36943F4A043BDE7C36943F4C04344
:10F4D000B9E7C36943F4E043B5E7062912D8DFE88A
:10F4E00001F0041109110D111200836943F00803A2
:10F4F00083617047836943F40063F9E7C36943F0AC
:10F500000803C3617047C36943F40063F9E7062940
:10F5100009D8DFE801F0041509190D1D1100036A6F
:10F5200023F0020303627047036A23F02003F9E724
:10F53000036A23F40073F5E7036A23F40053F1E749
:10F54000036A23F00803EDE7036A23F08003E9E789
:10F55000036A23F40063E5E7062909D8DFE801F030
:10F56000041509190D1D1100036A43F0020303621B
:10F570007047036A43F02003F9E7036A43F400731A
:10F58000F5E7036A43F40053F1E7036A43F0080325
:10F59000EDE7036A43F08003E9E7036A43F400639D
:10F5A000E5E7062909D8DFE801F0041509190D1D62
:10F5B0001100036A43F0010303627047036A43F0DA
:10F5C0001003F9E7036A43F48073F5E7036A43F431
:10F5D0008053F1E7036A43F00403EDE7036A43F065
:10F5E0004003E9E7036A43F48063E5E7062909D8A5
:10F5F000DFE801F0041509190D1D1100036A23F05D
:10F60000010303627047036A23F01003F9E7036AFA
:10F6100023F48073F5E7036A23F48053F1E7036A68
:10F6200023F00403EDE7036A23F04003E9E7036AEC
:10F6300023F48063E5E7062909D8DFE801F004092F
:10F640000D1115191D00436823F480734360704742
:10F65000436823F40073F9E7436823F48063F5E714
:10F66000436823F40063F1E7436823F48053EDE734
:10F67000436823F40053E9E7436823F48043E5E754
:10F6800006290CD8DFE801F0040B060B080B0A0072
:10F690004263704782637047C26370470264704779
:10F6A000436C43F4004343647047436C23F480434A
:10F6B00043647047436C43F4005343647047436CA6
:10F6C00023F4005343647047436C43F48053436412
:10F6D0007047436C23F4805343647047436C43F496
:10F6E000006343647047436C43F480634364704732
:10F6F000436C0B4343647047FFF7FABF43690B4306
:10F7000043617047406A70474162704703291CD8C3
:10F71000DFE801F0020B131C836923F0F00383611F
:10F72000836943EA021383617047836923F470435A
:10F730008361836943EA0233F5E7C36923F0F00389
:10F74000C361C36943EA0213C3617047C36923F409
:10F750007043C361C36943EA0233F5E7012902F04C
:10F7600003020CD1531E012B01D882F003028369DE
:10F7700023F440738361836943EA022317E003297A
:10F780000CD1531E012B01D882F00302C36923F46C
:10F790004073C361C36943EA022310E0022908D021
:10F7A00071B9836923F00303836183691343836120
:10F7B0007047C36923F00303C361C3691343C36183
:10F7C0007047026A890001238B401343036270472C
:10F7D000836823F470638360836843EA0123836052
:10F7E0007047836819B143F400438360704723F482
:10F7F0000043FAE7836823F00703836083681943B3
:10F8000081607047836823F07003836083681943C5
:10F8100081607047074A084B10B520F48064944219
:10F820001B6804BF054B1B6803EB5103B3FBF1F1ED
:10F83000816010BD00100140B8120020B4120020F9
:10F84000C36808290CBF23F4805343F48053C3607A
:10F850007047036923F440530B4303617047C36847
:10F8600023F4C0630B43C3607047C36823F00C03E9
:10F870000B43C3607047436923F440730B434361F8
:10F880007047C36843F40053C360704738B50446FB
:10F890000D4600F01DF829462046BDE8384000F02E
:10F8A0000FB8436943F0400343617047436943F035
:10F8B000800343617047436923F0800343617047CD
:10F8C000C1F30801416070474068C0F30800704709
:10F8D00003681B06FCD5704703680B4214BF012068
:10F8E00000207047FEE7704738B51D4A1D4B1E4982
:10F8F0008B4220D31D4A0021934221D34FF0E023B5
:10F900001B4CD3F8142D1B4D42F40072C3F8142D78
:10F91000D3F8882D42F47002C3F8882DAC4212D37C
:10F92000154C164DAC4212D3F1F742FA144C154D5A
:10F93000AC4210D338BD52F8040B43F8040BD7E7A0
:10F9400043F8041BD8E754F8043B9847E6E754F81B
:10F95000043B9847E6E754F8043B9847E8E700BFC4
:10F96000F833030800000020F0160020941E002049
:10F97000C4330308C4330308C4330308EC33030857
:10F98000EC330308F03303084FF0E02320F07F400E
:10F99000586170474FF0E023986920F07F4070472E
:10F9A0004FF0E02200F00400136923F00403034346
:10F9B000136170474FF0E022136943F001031361B4
:10F9C00070474FF0E02300229A6170474FF0E02328
:10F9D000014AC3F80C2DFEE70400FA05044B420966
:10F9E00003EB820300F01F00012282401A6070477F
:10F9F00000E100E05A2893BF00F16040044B00F0A2
:10FA00000F0000F564408CBFC1540170704700BF07
:10FA100014ED00E0024AD2F80C3CDB03FBD4704743
:10FA200000300240034AD2F8003C43F48063C2F83D
:10FA3000003C704700300240034AD2F8003C23F4F7
:10FA40008063C2F8003C704700300240034AD2F89D
:10FA5000003C43F40073C2F8003C704700300240A1
:10FA6000034AD2F8003C23F40073C2F8003C70470C
:10FA700000300240044A1368800323F4404380B2FC
:10FA800018431060704700BF0070004081F00041D3
:10FA900002E000BF83F0004330B54FEA41044FEA73
:10FAA000430594EA050F08BF90EA020F1FBF54EA0E
:10FAB000000C55EA020C7FEA645C7FEA655C00F0AA
:10FAC000E2804FEA5454D4EB5555B8BF6D420CDD7B
:10FAD0002C4480EA020281EA030382EA000083EAFE
:10FAE000010180EA020281EA0303362D88BF30BD9E
:10FAF00011F0004F4FEA01314FF4801C4CEA1131F4
:10FB000002D0404261EB410113F0004F4FEA033352
:10FB10004CEA133302D0524263EB430394EA050FDD
:10FB200000F0A780A4F10104D5F1200E0DDB02FA4C
:10FB30000EFC22FA05F2801841F1000103FA0EF2E0
:10FB4000801843FA05F359410EE0A5F120050EF1A6
:10FB5000200E012A03FA0EFC28BF4CF0020C43FAD7
:10FB600005F3C01851EBE37101F0004507D54FF0E4
:10FB7000000EDCF1000C7EEB00006EEB0101B1F534
:10FB8000801F1BD3B1F5001F0CD349085FEA30007A
:10FB90004FEA3C0C04F101044FEA445212F5800F85
:10FBA00080F09A80BCF1004F08BF5FEA500C50F122
:10FBB000000041EB045141EA050130BD5FEA4C0C05
:10FBC000404141EB0101013C28BFB1F5801FE9D262
:10FBD00091F0000F04BF01460020B1FA81F308BF85
:10FBE0002033A3F10B03B3F120020CDA0C3208DD51
:10FBF00002F1140CC2F10C0201FA0CF021FA02F12C
:10FC00000CE002F11402D8BFC2F1200C01FA02F19B
:10FC100020FA0CFCDCBF41EA0C019040E41AA2BFC0
:10FC200001EB0451294330BD6FEA04041F3C1CDA88
:10FC30000C340EDC04F11404C4F1200220FA04F0A8
:10FC400001FA02F340EA030021FA04F345EA030152
:10FC500030BDC4F10C04C4F1200220FA02F001FA14
:10FC600004F340EA0300294630BD21FA04F0294696
:10FC700030BD94F0000F83F4801306BF81F480112F
:10FC80000134013D4EE77FEA645C18BF7FEA655CA2
:10FC900029D094EA050F08BF90EA020F05D054EA74
:10FCA000000C04BF1946104630BD91EA030F1EBF79
:10FCB0000021002030BD5FEA545C05D1400049417D
:10FCC00028BF41F0004130BD14F580043CBF01F570
:10FCD000801130BD01F0004545F0FE4141F4700156
:10FCE0004FF0000030BD7FEA645C1ABF1946104631
:10FCF0007FEA655C1CBF0B46024650EA013406BF32
:10FD000052EA033591EA030F41F4002130BD00BFF0
:10FD100090F0000F04BF0021704730B54FF48064AD
:10FD200004F132044FF000054FF0000150E700BF2E
:10FD300090F0000F04BF0021704730B54FF480648D
:10FD400004F1320410F0004548BF40424FF000017A
:10FD50003EE700BF42004FEAE2014FEA31014FEABD
:10FD600002701FBF12F07F4393F07F4F81F060510C
:10FD7000704732F07F4208BF704793F07F4F04BF57
:10FD800041F40021704730B54FF4607401F0004534
:10FD900021F000411CE700BF50EA010208BF704794
:10FDA00030B54FF000050AE050EA010208BF704785
:10FDB00030B511F0004502D5404261EB41014FF4EE
:10FDC000806404F132045FEA915C3FF4D8AE4FF0F6
:10FDD00003025FEADC0C18BF03325FEADC0C18BFD9
:10FDE000033202EBDC02C2F1200300FA03FC20FA2A
:10FDF00002F001FA03FE40EA0E0021FA02F1144477
:10FE0000BDE600BF70B54FF0FF0C4CF4E06C1CEA8F
:10FE100011541DBF1CEA135594EA0C0F95EA0C0F00
:10FE200000F0DEF82C4481EA030621EA4C5123EA73
:10FE30004C5350EA013518BF52EA033541F48011A2
:10FE400043F4801338D0A0FB02CE4FF00005E1FB55
:10FE500002E506F00042E0FB03E54FF00006E1FB9F
:10FE600003569CF0000F18BF4EF0010EA4F1FF04E2
:10FE7000B6F5007F64F5407404D25FEA4E0E6D4122
:10FE800046EB060642EAC62141EA55514FEAC52033
:10FE900040EA5E504FEACE2EB4F1FD0C88BFBCF5AF
:10FEA000E06F1ED8BEF1004F08BF5FEA500E50F160
:10FEB000000041EB045170BD06F0004646EA010126
:10FEC00040EA020081EA0301B4EB5C04C2BFD4EB58
:10FED0000C0541EA045170BD41F480114FF0000E51
:10FEE000013C00F3AB8014F1360FDEBF002001F0BF
:10FEF000004170BDC4F10004203C35DA0C341BDC39
:10FF000004F11404C4F1200500FA05F320FA04F00A
:10FF100001FA05F240EA020001F0004221F000413E
:10FF200010EBD37021FA04F642EB06015EEA430EB1
:10FF300008BF20EAD37070BDC4F10C04C4F12005E1
:10FF400000FA04F320FA05F001FA04F240EA020094
:10FF500001F0004110EBD37041F100015EEA430E65
:10FF600008BF20EAD37070BDC4F1200500FA05F285
:10FF70004EEA020E20FA04F301FA05F243EA020304
:10FF800021FA04F001F0004121FA04F220EA020013
:10FF900000EBD3705EEA430E08BF20EAD37070BD59
:10FFA00094F0000F0FD101F00046400041EB010139
:10FFB00011F4801F08BF013CF7D041EA060195F01B
:10FFC000000F18BF704703F00046520043EB0303D5
:10FFD00013F4801F08BF013DF7D043EA06037047C2
:10FFE00094EA0C0F0CEA135518BF95EA0C0F0CD0CD
:10FFF00050EA410618BF52EA4306D1D181EA030113
:020000040803EF
:1000000001F000414FF0000070BD50EA410606BF0C
:100010001046194652EA430619D094EA0C0F02D151
:1000200050EA013613D195EA0C0F05D152EA033696
:100030001CBF104619460AD181EA030101F00041B4
:1000400041F0FE4141F470014FF0000070BD41F0FD
:10005000FE4141F4780170BD70B54FF0FF0C4CF4D7
:10006000E06C1CEA11541DBF1CEA135594EA0C0FF6
:1000700095EA0C0F00F0A7F8A4EB050481EA030E43
:1000800052EA03354FEA013100F088804FEA03332A
:100090004FF0805545EA131343EA12634FEA0222F8
:1000A00045EA111545EA10654FEA00260EF00041B9
:1000B0009D4208BF964244F1FD0404F5407402D20B
:1000C0005B084FEA3202B61A65EB03055B084FEA9C
:1000D00032024FF480104FF4002CB6EB020E75EB99
:1000E000030E22BFB61A754640EA0C005B084FEAC1
:1000F0003202B6EB020E75EB030E22BFB61A75463E
:1001000040EA5C005B084FEA3202B6EB020E75EB88
:10011000030E22BFB61A754640EA9C005B084FEA00
:100120003202B6EB020E75EB030E22BFB61A75460D
:1001300040EADC0055EA060E18D04FEA051545EAFC
:1001400016754FEA06164FEAC30343EA52734FEAA5
:10015000C2025FEA1C1CC0D111F4801F0BD141EA1E
:1001600000014FF000004FF0004CB6E711F4801F83
:1001700004BF01430020B4F1FD0C88BFBCF5E06F63
:100180003FF6AFAEB5EB030C04BFB6EB020C5FEA73
:10019000500C50F1000041EB045170BD0EF0004EC8
:1001A0004EEA113114EB5C04C2BFD4EB0C0541EAFA
:1001B000045170BD41F480114FF0000E013C90E6F7
:1001C00045EA060E8DE60CEA135594EA0C0F08BFBB
:1001D00095EA0C0F3FF43BAF94EA0C0F0AD150EABA
:1001E00001347FF434AF95EA0C0F7FF425AF10464D
:1001F00019462CE795EA0C0F06D152EA03353FF475
:10020000FDAE1046194622E750EA410618BF52EAF1
:1002100043067FF4C5AE50EA41047FF40DAF52EAC5
:1002200043057FF4EBAE12E74FF0FF3C06E000BF62
:100230004FF0010C02E000BF4FF0010C4DF804CD6F
:100240004FEA410C7FEA6C5C4FEA430C18BF7FEA2F
:100250006C5C1BD001B050EA410C0CBF52EA430C5D
:1002600091EA030F02BF90EA020F0020704710F1DD
:10027000000F91EA030F58BF994208BF90422CBF6C
:10028000D8176FEAE37040F0010070474FEA410C65
:100290007FEA6C5C02D150EA013C07D14FEA430C83
:1002A0007FEA6C5CD6D152EA033CD3D05DF8040BF4
:1002B000704700BF8446104662468C461946634626
:1002C00000E000BF01B5FFF7B7FF002848BF10F1FD
:1002D000000F01BD4DF808EDFFF7F4FF0CBF012042
:1002E00000205DF808FB00BF4DF808EDFFF7EAFFBE
:1002F00034BF012000205DF808FB00BF4DF808ED79
:10030000FFF7E0FF94BF012000205DF808FB00BF6D
:100310004DF808EDFFF7CEFF94BF012000205DF8F7
:1003200008FB00BF4DF808EDFFF7C4FF34BF012004
:1003300000205DF808FB00BF4FEA410C7FEA6C5CCF
:1003400002D150EA013C0AD14FEA430C7FEA6C5CCF
:1003500002D152EA033C02D14FF0000070474FF047
:10036000010070474FEA410212F5001215D211D573
:100370006FF47873B3EB625212D94FEAC12343F0A2
:10038000004343EA505311F0004F23FA02F018BF24
:10039000404270474FF00000704750EA013005D1ED
:1003A00011F0004008BF6FF0004070474FF00000B0
:1003B000704700BF4A0011D212F5001211D20DD5BC
:1003C0006FF47873B3EB62520ED44FEAC12343F05B
:1003D000004343EA505323FA02F070474FF0000005
:1003E000704750EA013002D14FF0FF3070474FF0B4
:1003F000000070474FEA4102B2F1E04324BFB3F579
:10040000001CDCF1FE5C0DD901F0004C4FEAC0028B
:100410004CEA5070B2F1004F40EB830008BF20F06F
:100420000100704711F0804F21D113F13872BCBF29
:1004300001F00040704741F480114FEA5252C2F17E
:100440001802C2F1200C10FA0CF320FA02F018BFC7
:1004500040F001004FEAC1234FEAD32303FA0CFC1A
:1004600040EA0C0023FA02F34FEA4303CCE77FEAA9
:10047000625307D150EA01331EBF4FF0FE4040F4F3
:100480004000704701F0004040F0FE4040F40000A2
:10049000704700BF80F0004002E000BF81F00041E3
:1004A00042001FBF5FEA410392EA030F7FEA226C1A
:1004B0007FEA236C6AD04FEA1262D2EB1363C1BFAA
:1004C000D218414048404140B8BF5B42192B88BF19
:1004D000704710F0004F40F4000020F07F4018BF3C
:1004E000404211F0004F41F4000121F07F4118BF5C
:1004F000494292EA030F3FD0A2F1010241FA03FC04
:1005000010EB0C00C3F1200301FA03F100F00043EB
:1005100002D5494260EB4000B0F5000F13D3B0F1B3
:10052000807F06D340084FEA310102F10102FE2A22
:1005300051D2B1F1004F40EBC25008BF20F0010092
:1005400040EA03007047490040EB0000013A28BF31
:10055000B0F5000FEDD2B0FA80FCACF1080CB2EBB4
:100560000C0200FA0CF0AABF00EBC2505242184332
:10057000BCBFD0401843704792F0000F81F40001D7
:1005800006BF80F400000132013BB5E74FEA4103AA
:100590007FEA226C18BF7FEA236C21D092EA030F16
:1005A00004D092F0000F08BF0846704790EA010F90
:1005B0001CBF0020704712F07F4F04D1400028BFBD
:1005C00040F00040704712F100723CBF00F500009F
:1005D000704700F0004343F0FE4040F400007047D5
:1005E0007FEA226216BF08467FEA23630146420281
:1005F00006BF5FEA412390EA010F40F48000704794
:100600004FF0000304E000BF10F0004348BF404239
:100610005FEA000C08BF704743F0964301464FF075
:1006200000001CE050EA010208BF70474FF00003D1
:100630000AE000BF50EA010208BF704711F0004312
:1006400002D5404261EB41015FEA010C02BF8446E2
:100650000146002043F0B64308BFA3F18053A3F541
:100660000003BCFA8CF2083AA3EBC25310DB01FA88
:1006700002FC634400FA02FCC2F12002BCF1004F0C
:1006800020FA02F243EB020008BF20F0010070479D
:1006900002F1200201FA02FCC2F1200250EA4C00F1
:1006A00021FA02F243EB020008BF20EADC70704737
:1006B0004FF0FF0C1CEAD0521EBF1CEAD15392EA45
:1006C0000C0F93EA0C0F6FD01A4480EA010C400221
:1006D00018BF5FEA41211ED04FF0006343EA50107B
:1006E00043EA5111A0FB01310CF00040B1F5000FBD
:1006F0003EBF490041EAD3715B0040EA010062F16C
:100700007F02FD2A1DD8B3F1004F40EBC25008BF55
:1007100020F00100704790F0000F0CF0004C08BF73
:1007200049024CEA502040EA51207F3AC2BFD2F140
:10073000FF0340EAC250704740F400004FF000034E
:10074000013A5DDC12F1190FDCBF00F00040704788
:10075000C2F10002410021FA02F1C2F1200200FAC6
:1007600002FC5FEA310040F1000053EA4C0308BF8D
:1007700020EADC70704792F0000F00F0004C02BFDE
:10078000400010F4000F013AF9D040EA0C0093F059
:10079000000F01F0004C02BF490011F4000F013BB3
:1007A000F9D041EA0C018FE70CEAD15392EA0C0F21
:1007B00018BF93EA0C0F0AD030F0004C18BF31F08C
:1007C000004CD8D180EA010000F00040704790F062
:1007D000000F17BF90F0004F084691F0000F91F006
:1007E000004F14D092EA0C0F01D142020FD193EACC
:1007F0000C0F03D14B0218BF084608D180EA010054
:1008000000F0004040F0FE4040F40000704740F02F
:10081000FE4040F4400070474FF0FF0C1CEAD052FD
:100820001EBF1CEAD15392EA0C0F93EA0C0F69D059
:10083000A2EB030280EA010C49024FEA402037D0C4
:100840004FF0805343EA111143EA10130CF00040BB
:100850008B4238BF5B0042F17D024FF4000C8B42AB
:1008600024BF5B1A40EA0C00B3EB510F24BFA3EB8B
:10087000510340EA5C00B3EB910F24BFA3EB91035B
:1008800040EA9C00B3EBD10F24BFA3EBD10340EAB5
:10089000DC001B0118BF5FEA1C1CE0D1FD2A3FF6FB
:1008A00050AF8B4240EBC25008BF20F001007047B0
:1008B0000CF0004C4CEA50207F32C2BFD2F1FF0353
:1008C00040EAC250704740F400004FF00003013A84
:1008D00037E792F0000F00F0004C02BF400010F428
:1008E000000F013AF9D040EA0C0093F0000F01F03C
:1008F000004C02BF490011F4000F013BF9D041EA5E
:100900000C0195E70CEAD15392EA0C0F08D1420290
:100910007FF47DAF93EA0C0F7FF470AF084676E763
:1009200093EA0C0F04D14B023FF44CAF08466EE73C
:1009300030F0004C18BF31F0004CCAD130F000420A
:100940007FF45CAF31F000437FF43CAF5FE700BF62
:100950004FF0FF3C06E000BF4FF0010C02E000BF8B
:100960004FF0010C4DF804CD4FEA40024FEA41032D
:100970007FEA226C18BF7FEA236C11D001B052EAE3
:10098000530C18BF90EA010F58BFB2EB030088BFA9
:10099000C81738BF6FEAE17018BF40F00100704718
:1009A0007FEA226C02D15FEA402C05D17FEA236CFA
:1009B000E4D15FEA412CE1D05DF8040B704700BF41
:1009C000844608466146FFE70FB5FFF7C9FF0028D8
:1009D00048BF10F1000F0FBD4DF808EDFFF7F4FF11
:1009E0000CBF012000205DF808FB00BF4DF808EDAA
:1009F000FFF7EAFF34BF012000205DF808FB00BFCD
:100A00004DF808EDFFF7E0FF94BF012000205DF8EE
:100A100008FB00BF4DF808EDFFF7D2FF94BF01209F
:100A200000205DF808FB00BF4DF808EDFFF7C8FF98
:100A300034BF012000205DF808FB00BF4FEA4002F0
:100A40004FEA41037FEA226C02D15FEA402C08D1D1
:100A50007FEA236C02D15FEA412C02D14FF0000003
:100A600070474FF0010070474FEA4002B2F1FE4F6D
:100A70000FD34FF09E03B3EB12620DD94FEA002360
:100A800043F0004310F0004F23FA02F018BF404239
:100A900070474FF00000704712F1610F01D1420220
:100AA00005D110F0004008BF6FF0004070474FF0D4
:100AB000000070477BB972B90029BEBF00204FF01B
:100AC000004106E008BF00281CBF6FF000414FF056
:100AD000FF3000F0C1B8ADF1080C6DE904CE00297B
:100AE00009DB002B1ADB00F035F8DDF804E0DDE966
:100AF000022304B07047404261EB4101002B1BDB35
:100B000000F028F8DDF804E0DDE9022304B04042FB
:100B100061EB4101524263EB43037047524263EB86
:100B2000430300F017F8DDF804E0DDE9022304B028
:100B3000404261EB41017047524263EB430300F0D6
:100B400009F8DDF804E0DDE9022304B0524263EB6A
:100B5000430370472DE9F04390420D4675EB0301C6
:100B60000446079F3CBF0020014664D3B3FA83F6D6
:100B7000002B69D0B5FA85F1002D61D0761AA6F167
:100B8000200CC6F1200EB34002FA0CF102FA06F86E
:100B90000B4322FA0EF2444543EA020375EB0302CB
:100BA0003CBF002001460AD30120B4EB080400FA40
:100BB0000CF165EB030520FA0EF21143B040D6B3F9
:100BC0004FEA5802B04642EAC3725B080AE0A41A30
:100BD00065EB030524196D41013445F10005B8F1B9
:100BE000010808D0944275EB0309F0D224196D4135
:100BF000B8F10108F6D1001905FA0EFE24FA06F440
:100C000041EB050125FA0CFC44EA0E0444EA0C040D
:100C1000F540A6F1200CC6F1200305FA06F204FA0D
:100C20000CFC24FA03F342EA0C021A4304FA06F31A
:100C3000C01A61EB02010FB1C7E90045BDE8F083BE
:100C4000B4FA84F1203199E7B2FA82F6B5FA85F167
:100C50002036002D92D1F3E7704700BF41F2C02348
:100C6000C2F200031868704730B583074AD0541E9B
:100C7000002A41D0CAB2034601E0013C3CD303F84C
:100C8000012B9D07F9D1032C2FD9CDB24FF00132A2
:100C90000F2C02FB05F538D9A4F1100203F1100E58
:100CA00022F00F0CE6444FEA121C1A46156010326F
:100CB00042F80C5C42F8085C42F8045C7245F5D1DD
:100CC0000CF1010214F00C0F04F00F0C03EB0212F4
:100CD00013D0ACF1040323F003030433134442F8AC
:100CE000045B9342FBD10CF003042CB1C9B21C4449
:100CF00003F8011B9C42FBD130BD13466446002C17
:100D0000F4D1F9E703461446BDE71A46A446E0E7E6
:100D100020775F726566202566206E2A542025663E
:100D200020646973742025662077723A2566202036
:100D30000D0A00000204064D6F746F7200626F6F3F
:100D400073740064696700667765616B0066776538
:100D5000616B737472740066636F6E737400756494
:100D6000636E6F6D0066736C69706D696E0066739B
:100D70006C69706D61780066736C6970636F6E7317
:100D8000746D617800726573706F6C657061697203
:100D9000730073696E636F736F667300656E636D66
:100DA0006F646500303D53696E676C652C20313D82
:100DB00041422C20323D41425A2C20333D53504970
:100DC0002C20343D5265736F6C7665722C20353D56
:100DD00053696E436F7300666D6178006E756D695F
:100DE0006D700070707200646972636872706D007B
:100DF0006469726D6F646500303D427574746F6E26
:100E00002C20313D5377697463682C20323D427544
:100E100074746F6E52657665727365642C20333D11
:100E200053776974636852657665727365642C20C4
:100E3000343D44656661756C74466F7277617264A7
:100E400000736E736D0031323D4B545938332D3180
:100E500031302C2031333D4B545938342D3133301F
:100E60002C2031343D4C6561662C2031353D4B548E
:100E70005938312D3131302C2031363D546F796F56
:100E800074612C2032313D4F75746C616E646572F3
:100E900046726F6E742C2032323D4570636F734220
:100EA00035373836312D532C2032333D546F796F1E
:100EB000746147656E3200496E76657274657200C2
:100EC00070776D66727100303D31372E366B487A1F
:100ED0002C20313D382E386B487A2C20323D342E70
:100EE000344B487A0070776D706F6C00303D416311
:100EF00074486967682C20313D4163744C6F7700FA
:100F00006465616474696D65006F6375726C696DA9
:100F100000696C316761696E006469672F4100691F
:100F20006C326761696E007564636761696E006445
:100F300069672F56007564636F6673007564636C30
:100F4000696D00736E73687300303D4A4375727645
:100F5000652C20313D53656D696B726F6E2C2032AC
:100F60003D4D42423630302C20333D4B54593831C0
:100F70002C20343D5054313030302C20353D4E54EF
:100F8000434B34355F326B322C20363D4C65616605
:100F90002C20373D424D572D69330070696E7377B1
:100FA000617000303D4E6F6E652C20313D4375728F
:100FB00072656E747331322C20323D53696E436F0B
:100FC000732C20343D50574D4F7574707574313308
:100FD0002C20383D50574D4F757470757432330066
:100FE0005468726F74746C6500706F746D696E0014
:100FF000706F746D617800706F74326D696E00701F
:101000006F74326D617800706F746D6F646500305D
:101010003D53696E676C65526567656E2C20313D86
:101020004475616C4368616E6E656C2C20323D4383
:10103000414E2C20333D43414E4475616C2C20348D
:101040003D42694469722C20363D43414E42694419
:101050006972007468726F7472616D7000252F314F
:10106000306D73007468726F7472616D7072706D40
:1010700000616D706D696E002500736C697073742A
:101080006172740073696E65637572766500303DD8
:10109000566F6C74616765536C69702C20313D53D9
:1010A000696D756C74616E656F7573007468726FCD
:1010B0007466696C74657200526567656E00627271
:1010C000616B65726567656E00726567656E7261FA
:1010D0006D7000726567656E74726176656C006F25
:1010E00066667468726F74726567656E00637275A8
:1010F000697365726567656E00726567656E7261BA
:101100006D70737472006D6178726567656E74726C
:101110006176656C687A0062726B6C696768746F7F
:101120007574004465726174696E6700626D736CFA
:10113000696D6869676800626D736C696D6C6F7763
:10114000007564636D696E007564636D6178006934
:1011500064636D6178006964636D696E00696463DE
:101160006B7000696463666C7400746D7068736D95
:10117000617800C2B04300746D706D6D6178007469
:1011800068726F746D6178007468726F746D696EE7
:1011900000616363656C6D61780072706D2F313032
:1011A0006D7300616363656C666C74006961636D87
:1011B00061780069666C74726973650069666C7445
:1011C00066616C6C00436861726765720063686198
:1011D0007267656D6F646500303D4F66662C203325
:1011E0003D426F6F73742C20343D4275636B006316
:1011F0006861726765637572006368617267656BC9
:1012000070006368617267656B690063686172672B
:1012100065666C740063686172676570776D696E8E
:101220000063686172676570776D617800417574FD
:101230006F6D6174696F6E0069646C65737065656C
:10124000640069646C657468726F746C696D0069C0
:10125000646C656D6F646500303D416C77617973D6
:101260002C20313D4E6F4272616B652C20323D4324
:1012700072756973652C20333D4F66662C20343DB2
:1012800048696C6C486F6C6400686F6C646B7000CC
:1012900073706565646B70007370656564666C740B
:1012A000006372756973656D6F646500303D4F66EC
:1012B000662C20313D5377697463682C20323D439E
:1012C000414E2C20333D5468726F74746C65506FBE
:1012D000742C20343D4C696D6974657200637275BD
:1012E0006973657468726F746C696D00436F6E74B6
:1012F0006163746F7220436F6E74726F6C007564FB
:101300006373770075646373776275636B007472DF
:1013100069706D6F646500303D416C6C4F66662C82
:1013200020313D446353774F6E2C20323D5072651F
:101330006368617267654F6E2C20333D4175746F31
:10134000526573756D6500626F6F747072656300CE
:10135000303D4F66662C20313D4F6E2C20323D6E65
:1013600061006F75746D6F646500303D4463537741
:101370002C20313D546D706D5468726573682C205B
:10138000323D546D706873546872657368006661AD
:101390006E746872657368004175782050574D000F
:1013A00070776D66756E6300303D746D706D2C20C6
:1013B000313D746D7068732C20323D7370656564C7
:1013C0002C20333D73706565646672710070776DB3
:1013D0006761696E0070776D6F667300436F6D6D46
:1013E000756E69636174696F6E0063616E737065B9
:1013F000656400303D3132356B2C20313D32353063
:101400006B2C20323D3530306B2C20333D38303062
:101410006B2C20343D314D0063616E706572696FD5
:101420006400303D3130306D732C20313D31306DF2
:1014300073006E6F6465696400636F6E74726F6CC5
:10144000696400636F6E74726F6C636865636B00D0
:10145000303D436F756E7465724F6E6C792C203120
:101460003D53746D43726338006361725F737065DE
:101470006564006B6D2F680064725F6379636C65EF
:101480005F7370006D6F746F725F65666669636924
:10149000656E63790054657374696E67006D616E83
:1014A00075616C73746172740066736C69707370CB
:1014B0006E7400616D706E6F6D0076657273696F2A
:1014C0006E00343D352E33362E522D73696E650015
:1014D000687776657200303D526576312C20313D5B
:1014E000526576322C20323D526576332C20333DC6
:1014F0005465736C612C20343D426C756550696C89
:101500006C2C20353D50726975732C20363D4D6929
:101510006E694D61696E626F6172642C20373D4C5B
:10152000656166322C20383D4C656166332C20396C
:101530003D424D576933006F706D6F646500303DFB
:101540004F66662C20313D52756E2C20323D4D6128
:101550006E75616C52756E2C20333D426F6F7374E3
:101560002C20343D4275636B2C20353D53696E65EC
:101570002C20363D416348656174006C617374656D
:1015800072720073746174757300303D4E6F6E65D6
:101590002C20313D5564634C6F772C20323D5564CF
:1015A00063486967682C20343D55646342656C6FFD
:1015B0007755646353772C20383D5564634C696DCF
:1015C0002C2031363D456D637953746F702C203378
:1015D000323D4D50726F742C2036343D506F745034
:1015E0007265737365642C203132383D546D7048D8
:1015F000732C203235363D576169745374617274AF
:101600002C203531323D4272616B65436865636BF6
:10161000007564630069646300696C3100696C3251
:1016200000696C6D61780075616300696C31726D81
:101630007300696C32726D7300626F6F73746361F3
:101640006C6300667765616B63616C6300667374DD
:1016500061740063727569736573706565640074A5
:1016600075726E7300616E676C6500C2B000706F5A
:101670007400706F743200726567656E70726573A6
:10168000657400706F746E6F6D0073656C64697261
:10169000002D313D526576657273652C20303D4ECC
:1016A00065757472616C2C20313D466F7277617282
:1016B0006400726F746F7264697200746D70687325
:1016C00000746D706D00756175780070776D696F6D
:1016D0000063616E696F00313D4372756973652CFB
:1016E00020323D53746172742C20343D4272616B20
:1016F000652C20383D4677642C2031363D52657686
:101700002C2033323D426D730064696E5F637275E5
:101710006973650064696E5F7374617274006469F3
:101720006E5F6272616B650064696E5F6D70726F8F
:101730007400303D4572726F722C20313D4F6B2C1E
:1017400020323D6E610064696E5F666F7277617210
:10175000640064696E5F72657665727365006469C2
:101760006E5F656D637973746F700064696E5F6F2F
:101770006375720064696E5F6465736174006469A7
:101780006E5F626D7300757074696D65006370756E
:101790006C6F616400426175642072617465206ED3
:1017A0006F77203932313630300D0A00656E616254
:1017B0006C65756172740066617374756172740032
:1017C000556E6B6E6F776E20636F6D6D616E64200A
:1017D00073657175656E63650D0A00000000000099
:1017E000000000007D1B0208001001400064024060
:1017F0000502000000000008000002400002000096
:10180000000402404000000000440040006002402C
:101810000605000000000008000002400C00000067
:10182000000C0240600000000048004000600240E0
:10183000030100000000000800040240000C00004A
:1018400000080240000C000025583A25583A255857
:101850000D0A00496E7665727465722068616C7459
:1018600065642E0D0A0044656661756C7473206CA6
:101870006F616465640D0A00496E76657274657205
:1018800020737461727465640D0A00496E76616C30
:10189000696420696E766572746572206D6F646527
:1018A0000067657400666C61670073747265616DD2
:1018B000006A736F6E0063616E0073617665006429
:1018C000656661756C74730073657269616C00653F
:1018D00072726F72730000007F160308458402085D
:1018E000A1180308AD840208A51803080985020899
:1018F000AA18030881890208B11803088D2002087C
:10190000B6180308E5860208BA180308C188020859
:1019100090170308058902087D160308318902081B
:10192000BF1803087920020866170308612002081F
:101930001817030891200208C81803084520020858
:10194000CF1803084120020800000000000000003A
:10195000000204060100000000000001B593000031
:10196000100000000606070040420F000F0E3C006A
:10197000009F240005047D0000DD6D0005040020AB
:10198000286E756C6C29000000000000000000004B
:10199000B12D0208E7FF6900051B0100A81E03081E
:1019A00000006400051500007E1E0308FBFF6400B4
:1019B00005160000521E0308CEFF96000A1501000E
:1019C000701B0308CEFF96000A150000461B030893
:1019D000CEFF960005290100F41A0308F6FF640003
:1019E0000A0C01006A1D0308E7FF6900051B0000DF
:1019F0001C1E0308CEFFAA000A170000EE1D0308F4
:101A0000D8FF2C010A240000A61D0308ECFF960055
:101A10000A120100821D0308CEFF96000A1500007D
:101A2000401D0308ECFFC800052D0000F41B03084F
:101A3000ECFFBE00052D0000E61C0308000064005A
:101A40000A0B0000D01C0308050064000514000008
:101A5000A81C0308ECFFBE00052D00004E1C030867
:101A6000D8FF2C010A230100AE1A0308CEFF96000E
:101A70000A150100841A0308ECFFC800052D0100B7
:101A80009A1B030808000E0019002A0044006B008E
:101A9000A300F0005401D60170022803F103C7042B
:101AA0009D056A062F07E4078708170996090400B1
:101AB00007000D00160025003D0060009300D900CE
:101AC0003801B4014D020203CE03A9048D056C0652
:101AD0003D07F907A1083109AC09130A690AB00AE0
:101AE000EC0A1C0B440B640B800B970BAB0BBA0B73
:101AF000C80BD30B0F0F060FF90EE90ED40EB90E5B
:101B0000970E6C0E370EF70DAA0D4E0DE40C6B0CF4
:101B1000E30B4D0BAB0A000A4E099908E5073307A2
:101B20008806E5054C05BE043C04C6035B03FB02C6
:101B3000A50259021602DA01A601770150012D0112
:101B40000E01F300DB00B809000A450A880AC80A3A
:101B5000050B400B790BAF0BE40B170C480C780C02
:101B6000A60CD20CFD0C270D4F0D760D9C0DC10D52
:101B70004707C7074B08CD084D09CE094B0AC80ACD
:101B8000410BB60B2A0C9A0C040D6D0DD10D320EC3
:101B90008F0EE70E370F7D0FB60F09000C001000F7
:101BA00014001A0021002A00350042005100640090
:101BB00079009200AF00D000F5001F014E018201B4
:101BC000BB01F9013B028202CE021D036F03C40375
:101BD0001B047304CC0425057D05D4052A067D0667
:101BE000CE061C076707AE07F20733087108AB087B
:101BF000E1081F0CA90FA70FA40FA00F9C0F960FB1
:101C00008F0F860F7B0F6E0F5F0F4D0F370F1E0F5D
:101C1000010FE00EBA0E8E0E5E0E280EEC0DAB0D0F
:101C2000630D160DC30C6C0C0F0CAE0B4A0BE20AC5
:101C3000780A0C0AA0093309C7085C08F2078B0769
:101C40002707C50668060D06B70564051605320A9E
:101C50007108E606970580049D03E6020B02E00189
:101C600084013B010101D200AD008F0077006300C9
:101C7000530046003C0033002B00250020001C00D0
:101C800018001500120010000E000D000B000A00D5
:101C90000900080007000600060005000500040012
:101CA00004000300030003000F0F6B0D210CA30AB7
:101CB0006E0982082C07490680059C04E203640330
:101CC000ED027E023E02F201AF0175013A011501FB
:101CD000580DE50A5A07550486039E02F801D401FF
:101CE000B0018B016601990B840A77097C088F0784
:101CF000B706F4054105A204130495032503C302A6
:101D00006B022002DF01A401720145011F01FD00E9
:101D1000DF00C500AF009B0089007A006D00610004
:101D200056004D0045003E00370032002D002800CF
:101D3000240020001D001B001800160014001200D3
:101D40000E08CA0785074107FF06BD067D063E0649
:101D50000006C6058C0555052005ED04BC048D0460
:101D6000600436041004EF03D403250497046C05C3
:101D70000E06AB065407C9076C081009B309570AC9
:101D8000FA0A310044005B0077009900C100EF00BF
:101D900022015C019B01DF0127027402C3021403CC
:101DA0006703BB030F04EB08B70883084D08170847
:101DB000E207AB079007740740070A07D606A30699
:101DC000710640061006E105B30586055C05310580
:101DD0000905E204BC04970474045104310411049D
:101DE000F203D403B8039C0383036C035803F30783
:101DF000B0076D072B07E906A9066B062E06F2054C
:101E0000B90581054C051805E704B8048A045F0488
:101E100035040D04E703C2039F037E03B10F990F3E
:101E20007B0F560F2A0FF50EB70E6F0E1C0EBE0D50
:101E3000550DE20C650CE00B530BC10A2B0A9309FC
:101E4000FB086408D1074307BA063806BC054905F4
:101E5000DD04830F300EDC0C8F0B510A27091508A7
:101E60001B073C067505C6042D04A7033303CE02E9
:101E700077022B02E901B1017F0154012F01B70E56
:101E8000650E150EC80D800D390DF50CB60C770CCE
:101E90003A0C020CCA0B930B610B2E0BFD0ACF0AF6
:101EA000A20A760A4C0A230A39004C006400840016
:101EB000AB00DC0018016101B80120029902250382
:101EC000C30375043A050F06F306E307DC08DB09D4
:101ED000DB0AD80BCF0CBF0DA40E7C0F47105B257F
:101EE000755D3A202573202D2025730D0A004E6F55
:101EF000204572726F72730D0A0044455241544579
:101F0000005741524E00303D4E4F4E452C20313D42
:101F10004F56455243555252454E542C20323D5453
:101F200048524F54544C45312C20333D5448524F65
:101F300054544C45322C20343D43414E54494D4578
:101F40004F55542C20353D454D435953544F502C3B
:101F500020363D4D50524F542C20373D444553417F
:101F6000542C20383D4F564552564F4C544147450E
:101F70002C20393D454E434F4445522C2031303DB5
:101F80005052454348415247452C2031313D544D34
:101F90005048534D41582C2031323D435552524503
:101FA0004E544C494D49542C2031333D50574D53DC
:101FB0005455434B2C2031343D48494355524F46EC
:101FC00053312C2031353D48494355524F46533209
:101FD0002C2031363D48495245534F46532C203131
:101FE000373D4C4F524553414D502C2031383D54D4
:101FF0004D504D4D41582C2031393D43414E4352B7
:10200000432C2032303D43414E434F554E544552B0
:102010002C004F56455243555252454E5400544899
:10202000524F54544C4531005448524F54544C452F
:10203000320043414E54494D454F555400454D43A0
:102040005953544F50004D50524F54004445534142
:1020500054004F564552564F4C5441474500454E4B
:10206000434F444552005052454348415247450072
:10207000544D5048534D41580043555252454E54CB
:102080004C494D49540050574D535455434B00480B
:10209000494355524F4653310048494355524F46E4
:1020A00053320048495245534F4653004C4F524516
:1020B00053414D5000544D504D4D41580043414EF9
:1020C0004352430043414E434F554E544552000046
:1020D00041200308FA1E0308011F03088621030894
:1020E0000300000012200308000000001E20030867
:1020F000020000002820030802000000322003082C
:10210000000000003D2003080000000046200308F6
:10211000000000004C2003080000000052200308CB
:10212000000000005E200308020000006620030893
:10213000000000007020030801000000792003085F
:102140000100000086200308020000008F20030821
:10215000020000009920030802000000A3200308E9
:1021600002000000AC20030802000000B5200308B4
:1021700001000000BD20030800000000C420030887
:10218000000000000301005266652A313030302023
:1021900025660000000000000000000000000000B4
:1021A000000000000000000000000000000000002F
:1021B000000000000000000000000000000000001F
:1021C000000000000000000000000000000000000F
:1021D00000000000000000000000000000000000FF
:1021E0000000000000000000000040400000C0406F
:1021F00000001041000040410000704100007041AB
:10220000000070419A99894133339B419A99AD41BD
:102210003333BF41CDCCD0416666E241CDCCF441F1
:102220003333034200000C4200000C4200000C4219
:102230009A99134233331B426666224200002A42B7
:102240009A9931423333394266664042000048422F
:10225000000048420000484200004E426666544278
:1022600066665A42CDCC6042CDCC6642CDCC6C4243
:10227000333373423333794233337F42CDCC82429E
:10228000CDCC85420000894200008C4200008C4287
:1022900000008C4200008C4200008C4200008C4206
:1022A00000008C4200008C4200008C4200008C42F6
:1022B00000008C4200008C4200008C4200008C42E6
:1022C00000008C4200008C4200008C4200008C42D6
:1022D00000008C4200008C4200008C4200008C42C6
:1022E00000008C4200008C4200008C4200008C42B6
:1022F00000008C4200008C4200008C4200008C42A6
:1023000000008C4200008C4200008C4200008C4295
:1023100000008C4200008C4200008C4200008C4285
:1023200000008C4200008C4200008C4200008C4275
:1023300000008C4200008C4200008C4200008C4265
:1023400000008C4200008C4200008C4200008C4255
:1023500000008C42000087420000824200007A4266
:10236000000070420000664200005C4200005242E1
:102370000000484200004842000048420000484235
:102380000000484200004842000048420000484225
:102390000000484200004842000048420000484215
:1023A0000000484200004842000048420000484205
:1023B00000004842000048420000484200004842F5
:1023C00000004842000048420000484200004842E5
:1023D00000004842000048420000484200004842D5
:1023E00000004842000048420000484200004842C5
:1023F00000004842000048420000484200004842B5
:1024000000004842000048420000484200004842A4
:102410000000484200004842000048420000484294
:102420000000484200004842000048420000484284
:102430000000484200004842000048420000484274
:102440000000484200004842000048420000484264
:102450000000484200004842000048420000484254
:102460000000484200004842000048420000484244
:102470000000484200004842000048420000484234
:10248000000048420000484200004E426666544246
:1024900066665A42CDCC6042CDCC6642CDCC6C4211
:1024A000333373423333794233337F42CDCC82426C
:1024B000CDCC85420000894200008C4200008C4255
:1024C00000008C4200008C4200008C4200008C42D4
:1024D00000008C4200008C4200008C4200008C42C4
:1024E00000008C4200008C4200008C4200008C42B4
:1024F00000008C4200008C4200008C4200008C42A4
:1025000000008C4200008C4200008C4200008C4293
:1025100000008C4200008C4200008C4200008C4283
:1025200000008C4200008C4200008C4200008C4273
:1025300000008C4200008C4200008C4200008C4263
:1025400000008C4200008C4200008C4200008C4253
:1025500000008C4200008C4200008C4200008C4243
:1025600000008C4200008C4200008C4200008C4233
:1025700000008C4200008C4200008C4200008C4223
:1025800000008C42CDCC8D4266668F42333391423F
:10259000CDCC92429A9994423333964200009842AD
:1025A000CDCC994266669B4233339D42CDCC9E4250
:1025B0009A99A0423333A2420000A442CDCCA54256
:1025C0006666A7423333A942CDCCAA429A99AC425F
:1025D0003333AE420000B042CDCCB1426666B34266
:1025E0003333B542CDCCB6429A99B8423333BA426E
:1025F0000000BC42CDCCBD426666BF423333C1420F
:10260000CDCCC2429A99C4423333C6420000C8427C
:102610000000C8420000C8420000C8420000C84292
:102620000000C8420000C8420000C8420000C84282
:102630000000C8420000C8420000C8420000C84272
:102640000000C8420000C8420000C8420000C84262
:102650000000C8420000C8420000C8420000C84252
:102660000000C8420000C8420000C8420000C84242
:102670000000C8420000C8420000C8420000C84232
:102680000000C8420000C8420000CA420000CC421C
:102690000000CE420000D0420000D2420000D442EE
:1026A0000000D6420000D8420000DA420000DC42BE
:1026B0000000DE420000E0420000E2420000E4428E
:1026C0000000E6420000E8420000EA420000EC425E
:1026D0000000EE420000F0420000F0420000F04234
:1026E0000000F0420000F0420000F0420000F04222
:1026F0000000F0420000F0420000F0420000F04212
:102700000000EB420000E6420000E1420000DC4233
:102710000000D7420000D2420000CD420000C84273
:102720000000C3420000BE420000B9420000B442B3
:102730000000AF420000AA420000A5420000A042F3
:102740009A999842000091429A99894200008242E7
:10275000333375420000664233335742000048422B
:10276000000034420000204200000C420000F04112
:102770000000C8410000A04100007041000020415D
:102780000000A04000000000000000000000000069
:102790000000000000000000000000000000000039
:1027A0000000000000000000000000000000000029
:1027B0000000000000000000000000000000000019
:1027C0000000000000000000000000000000000009
:1027D00000000000000000000000404000004040F9
:1027E00000004040000040400000404000004040E9
:1027F00000004040000040400000404000004040D9
:102800000000404000004040333373400000F0407F
:10281000CDCC344100007041000070410000704197
:1028200000007041000070410000704100007041E4
:102830000000704100007041000040410000104164
:102840000000C04000004040000000000000000008
:102850000000000000000000000000000000000078
:102860000000000000000000000000000000000068
:102870000000000000000000000000000000000058
:102880000000000000000000000000000000000048
:102890000000000000000000000000000000000038
:1028A000CDCC2C409A99A9400000004133332B41F4
:1028B000CDCC5441000080419A9995416666AA4169
:1028C0000000C0419A99D5416666EA410000004285
:1028D00000000042000000420000004200000042F0
:1028E00000000042000000420000004200000042E0
:1028F00000000042000000420000004200000042D0
:1029000000000042000000420000004200000042BF
:1029100000000042000000420000004200000042AF
:10292000000000420000004200000042000000429F
:10293000CDCCE8419A99D1416666BA413333A3417F
:1029400000008C41000068419A99394133330B41B2
:102950009A99B9409A99394000000000000000009F
:102960000000000000000000000000000000000067
:102970000000000000000000000000000000000057
:102980000000000000000000000000000000000047
:102990000000000000000000000000000000000037
:1029A0000000000000000000000000000000000027
:1029B0003333F33F333373409A99B9406666F64038
:1029C0009A991941000038410000584166667641E5
:1029D00066668A419A9999419A99A9413333BB41D4
:1029E0000000C8413333D7416666E6416666F6416A
:1029F000CDCC024266660A420000124200001A4232
:102A00009A99214233332942CDCC3042CDCC384241
:102A100066664042000048420000484200004842CA
:102A2000000048420000484200004842000048427E
:102A3000000048420000484200004842000048426E
:102A4000000048420000484266664042CDCC384211
:102A50009A99314200002A426666224233331B4271
:102A60009A99134200000C4200000C4200000C42F4
:102A700000000C4200000C4200000C4200000C421E
:102A800000000C4200000C4200000C4200000C420E
:102A900000000C4200000C4200000C42666600423E
:102AA0009A99E9419A99D1416666BA413333A34173
:102AB00000008C419A99694133333B4133330B41D8
:102AC0009A99B9409A99394000000000000000002E
:102AD00000000000000000000000000000000000F6
:102AE000000000000000000045F5D63A000090C24A
:102AF0000000D8C206464132B5FE1636FFB14E354B
:102B000045F5D63AF7CC123963616E200072782011
:102B10000074782000257320256420256420256416
:102B20002025662025640D0A004E6F2070617261B9
:102B30006D657465722076616C7565206769766570
:102B40006E0D0A00536574204F4B0D0A0056616CE0
:102B50007565206F7574206F662072616E67650DF4
:102B60000A00556E6B6E6F776E20706172616D65D5
:102B70007465722025730D0A0025660D0A00556ED6
:102B80006B6E6F776E20706172616D657465723AFD
:102B900020272573270D0A004E6F20666C61672081
:102BA000676976656E0D0A0068696464656E005534
:102BB0006E6B6E6F776E20666C61670D0A00466CF7
:102BC0006167206368616E6765204F4B0D0A007472
:102BD0007275650066616C7365007B0025630D0A84
:102BE000202020222573223A207B22756E697422D0
:102BF0003A222573222C226964223A25642C2276FB
:102C0000616C7565223A25662C002263616E6964E9
:102C1000223A25642C2263616E6F666673657422A6
:102C20003A25642C2263616E6C656E677468223A83
:102C300025642C2263616E6761696E223A25662CD9
:102C40002263616E616464223A25642C2269737286
:102C500078223A25732C00226973706172616D22AB
:102C60003A747275652C226D696E696D756D223AC4
:102C700025662C226D6178696D756D223A25662C6A
:102C80002264656661756C74223A25662C22636144
:102C90007465676F7279223A222573222C22692289
:102CA0003A25647D002C0D0A20202022736572696C
:102CB000616C223A207B22756E6974223A22222CA2
:102CC0002276616C7565223A2225303858222C22F2
:102CD0006973706172616D223A66616C73657D0023
:102CE0000D0A7D0D0A00416C6C206D657373616780
:102CF0006520646566696E6974696F6E7320636CC4
:102D000065617265640D0A004D697373696E6720B1
:102D1000617267756D656E740D0A00556E6B6E6F2E
:102D2000776E20706172616D657465720D0A0025A1
:102D30006420656E74726965732072656D6F766567
:102D4000640D0A00496E76616C69642043414E202F
:102D500049642025780D0A00496E76616C6964200B
:102D60004F66667365742025640D0A00496E7661AE
:102D70006C6964206C656E6774682025640D0A00B8
:102D800043616E6E6F74206D617020616E796D6F3E
:102D90007265206974656D7320746F2043414E2005
:102DA00069642025640D0A004D6178206D65737398
:102DB00061676520636F756E742072656163686515
:102DC000640D0A0043414E206D617020737563638A
:102DD00065737366756C2C202564206D6573736153
:102DE00067652573206163746976650D0A00434148
:102DF0004E4D41502073746F7265640D0A0050612E
:102E000072616D65746572732073746F7265642C82
:102E1000204352433D25780D0A00506172616D6573
:102E200074657273206C6F616465640D0A00506193
:102E300072616D6574657220435243206572726FD2
:102E4000720D0A0055736167653A2073747265618B
:102E50006D206E2076616C312C76616C322E2E2EB8
:102E60000D0A002573256600000000000000000028
:102E7000498A02085D8A0208000000000000000084
:102E80004D9A0208899A02087D9C020800000800F9
:102E90000000500012000000000008000000500078
:102EA00009000000000003000000200009000000ED
:102EB00000000400000020000500000000000500E4
:102EC00000004000030000000000FF070000FF07B3
:102ED000000000000000000059A20208AD9E020898
:102EE0000000000000000000AD0D0208AD0D02085A
:102EF000AD0D0208000000000000000095A70208C8
:102F000099A7020800000000000000009BAC020826
:102F1000A7A8020881A80208FCFFFFFF000000002C
:102F20009FA80208000000000000E0FE422EE63FDD
:102F30000000E0FE422EE6BF763C7935EF39EA3DEF
:102F4000763C7935EF39EABD000000000000E03F33
:102F5000000000000000E0BFDB0F49BFE4CB1640DB
:102F6000E4CB16C000000080DB0F4940DB0F49C0F6
:102F7000000FC93F000F494000CB9640000FC940E9
:102F80000053FB4000CB164100ED2F41000F49419B
:102F90000031624100537B41003A8A4100CB9641A7
:102FA000005CA34100EDAF41007EBC41000FC94170
:102FB00000A0D5410031E24100C2EE410053FB4187
:102FC00000F20342003A0A420083104200CB16424C
:102FD00000141D42005C234200A5294200ED2F424F
:102FE00000363642007E3C4200C74242000F494252
:102FF000A2000000F9000000830000006E00000045
:103000004E000000440000001500000029000000F0
:10301000FC0000002700000057000000D100000065
:10302000F500000034000000DD000000C0000000DA
:10303000DB00000062000000950000009900000025
:103040003C00000043000000900000004100000030
:10305000FE0000005100000063000000AB00000013
:10306000DE000000BB000000C500000061000000A1
:10307000B7000000240000006E0000003A000000CD
:10308000420000004D000000D2000000E0000000FF
:1030900006000000490000002E000000EA000000C9
:1030A00009000000D1000000920000001C00000098
:1030B000FE0000001D000000EB0000001C000000EE
:1030C000B100000029000000A70000003E00000041
:1030D000E80000008200000035000000F50000005C
:1030E0002E000000BB00000044000000840000002F
:1030F000E90000009C0000007000000026000000B5
:10310000B40000005F0000007E00000041000000ED
:103110003900000091000000D600000039000000D6
:10312000830000005300000039000000F40000009C
:103130009C000000840000005F0000008B00000085
:10314000BD000000F9000000280000003B00000066
:103150001F000000F800000097000000FF000000C2
:10316000DE00000005000000980000000F000000D5
:10317000EF0000002F000000110000008B00000095
:103180005A0000000A0000006D0000001F0000004F
:103190006D000000360000007E000000CF0000003F
:1031A00027000000CB00000009000000B70000006D
:1031B0004F000000460000003F00000066000000D5
:1031C0009E0000005F000000EA0000002D000000EB
:1031D0007500000027000000BA000000C7000000D2
:1031E000EB000000E5000000F10000007B000000A3
:1031F0003D0000000700000039000000F70000005B
:103200008A0000005200000092000000EA00000066
:103210006B000000FB0000005F000000B100000038
:103220001F0000008D0000005D000000080000008D
:1032300056000000030000003000000046000000BF
:10324000FC0000007B0000006B000000AB000000F1
:10325000F0000000CF000000BC00000020000000D3
:103260009A000000F4000000360000001D0000007D
:10327000A9000000E30000009100000061000000D0
:103280005E000000E60000001B00000008000000D7
:103290006500000099000000850000005F0000004C
:1032A00014000000A00000006800000040000000C2
:1032B0008D000000FF000000D8000000800000002A
:1032C0004D000000730000002700000031000000E6
:1032D0000600000006000000150000005600000077
:1032E000CA00000073000000A8000000C900000030
:1032F00060000000E20000007B000000C000000051
:103300008C0000006B0000000400000007000000BB
:10331000090000000000C93F0000F0390000DA3762
:103320000000A2330000842E0000502B0000C227B2
:103330000000D0220000C41F0000C61B000044177C
:10334000000000000000304300000000000030C317
:103350003863ED3EDA0F493F5E987B3FDA0FC93F95
:103360006937AC3168212233B40F14336821A2339A
:1033700008005001040700010206000000040003D9
:1033800000BD010580DE800200BD0105080050017E
:10339000020700010506000000050403007A030A85
:1033A00080DE800200BD01050800680102080001FE
:1033B00005060000000504030095BA0A40A5AE0208
:0433C000804A5D05DD
:1033C400C90F0208691B020895230208612C020830
:1033D400B1300208DD3F020845530208595902087A
:0833E400B17F02082D9A0208D6
:0433EC00ED0F0208D7
:0833F00064D7FF7F010000001B
:1033F800BD378635BD3786350080D40000400B00C8
:1034080000003200008016000000000000200000CC
:103418000060000000A00000004000000020000044
:1034280000000001000000000000190000800700F3
:1034380000800C0000200000008001000020000037
:103448000000000000E0070000800C006696000005
:103458006696000099C50000000000000080430047
:103468000000000000000000000000000080B5011E
:1034780000E0FF0100E0FF010000000000800C00F8
:103488000000C409004001000040060000000000E0
:103498000080000000C0F9FF00800C0000C003009D
:1034A8000040FCFF0040FCFF00400100000000005D
:1034B80000C0F9FF0040060000E0FFFF00403800B0
:1034C800000041000000710200008FFD0040000074
:1034D8000020010000A00A000080250000800C00E8
:1034E8000080F3FF00007D00006000000000710212
:1034F8000040010000600000000000000000000023
:1035080000000A0000400100000001000000000067
:1035180000400B000080F3FF004006000060000040
:1035280000F8FFFF0008000000A0000000000000F5
:103538000040060000402900008043000000000011
:10354800000000000000000000400600000000002D
:1035580000800C0000000000004000000000000097
:103568000020000000E0070000200000000000002C
:103578000000000000000000000000000000000043
:103588000000000000000000000000000000000033
:103598000000000000000000000000000000000023
:1035A8000000000000000000000000000000000013
:1035B8000000000000000000000000000000000003
:1035C80000000000000000000000000000000000F3
:1035D80000000000000000000000000000000000E3
:1035E80000000000000000000000000000000000D3
:1035F80000000000000000000000000000000000C3
:1036080000000000000000000000000000000000B2
:1036180000000000000000000000000000000000A2
:103628000000000000000000000000000000000092
:1036380000000000370D03083D0D0308430D030883
:103648000000000000A076120080D40001000000F5
:10365800370D0308470D0308E20E030800000000B9
:1036680000007D0000400B0002000000370D030839
:103678004D0D0308E20E03080000000000007D0065
:103688000000320086000000370D0308570D0308BC
:10369800E20E03080000000000007D000080160014
:1036A80063000000370D03085E0D0308330F03089D
:1036B8000000000000007D00000000004E00000037
:1036C800370D0308650D0308E20E03089909000089
:1036D800004001000020000025000000370D03080D
:1036E8006E0D0308E20E030899090000004001006E
:1036F8000060000021000000370D0308770D030863
:10370800E20E0308000000000040010000A00000D5
:1037180064000000370D0308880D0308862103089C
:10372800002000000000020000400000200000000F
:10373800370D0308850D03088621030800200000C3
:1037480000000200002000005D000000370D0308A3
:10375800920D0308430D030800200000000000023A
:103768000000000183000000370D03089C0D0308CA
:10377800A40D03080000000000A0000000000000E5
:103788004B000000370D0308D70D0308E20E0308AD
:1037980000A0020000007D000000190009000000E0
:1037A800370D0308DC0D0308E30D030800000100D2
:1037B80000000004008007000F000000370D030818
:1037C800E70D0308EC0D0308000000000000C40921
:1037D80000800C0057000000370D0308F00D0308A7
:1037E800F80D030800000000008000000020000021
:1037F8005F000000370D0308410E0308460E03085A
:103808000080010000E00200008001002E0000009E
:10381800B70E0308C00E0308C70E03080000000017
:1038280000400000002000000D000000B70E030853
:10383800E50E0308EC0E030800000000002000005D
:103848000000000034000000B70E0308000F030852
:10385800430D03080000000000E01F0000E007001F
:103868000E000000B70E0308090F03081D0F030818
:10387800000000E00000002000800C00160000009E
:10388800B70E0308110F0308190F03080080F3FF90
:1038980000800C00669600001B000000B70E0308AD
:1038A8001F0F0308190F03080080F3FF00800C00A6
:1038B800669600001C000000B70E0308270F0308D7
:1038C8002F0F03080000000000E0FF0199C5000069
:1038D8001D000000B70E0308350F0308430D030849
:1038E8000000000000E0FF01000000004D000000A3
:1038F800B70E03083C0F0308330F0308000000004D
:1039080000007D000080430030000000B70E03086F
:10391800430F0308490F03080000000000E00000FF
:10392800000000002D000000B70E03089B0F0308DD
:10393800A30F03080000000000E0010000000000E1
:103948006D000000E00F0308E90F0308430D0308AA
:10395800000000000080B501000000001100000018
:10396800E00F0308F00F0308430D030800000000F0
:103978000080B5010080B50112000000E00F0308C7
:10398800F70F0308430D03080000000000E0FF01E3
:1039980000E0FF013F000000E00F0308FF0F0308ED
:1039A800430D03080000000000E0FF0100E0FF01F4
:1039B80040000000E00F0308071003080F10030879
:1039C8000000000000C000000000000052000000DD
:1039D800E00F0308531003085D10030833030000C9
:1039E80000800C0000800C0051000000E00F03086C
:1039F80064100308EC0D0308000000000000C4096F
:103A08000000C40955000000E00F03087110030806
:103A1800781003080000000000800C00004001003E
:103A280004000000E00F03087A1003087810030868
:103A38000040010000800C00004006005A00000011
:103A4800E00F0308841003088E100308000000002C
:103A5800002000000000000092000000E00F0308B2
:103A6800AC100308430D03080000000000400100EB
:103A78000080000093000000B8100308BE1003087F
:103A8800781003080080F3FF0000000000C0F9FF71
:103A980026000000B8100308C91003085D100308C9
:103AA8003303000000800C0000800C00440000007C
:103AB800B8100308D31003087810030800000000AA
:103AC80000800C0000C0030013000000B8100308B9
:103AD800DF100308781003080080F3FF00000000DF
:103AE8000040FCFF31000000B8100308ED10030887
:103AF800781003080080F3FF000000000040FCFF7E
:103B08007C000000B8100308F9100308E20E03084F
:103B18000000000000003200004001002700000003
:103B2800B810030806110308E20E0308000000009D
:103B380000007D00000000009E000000B81003088F
:103B480017110308781003080080F3FF00E0FFFF57
:103B580000C0F9FF43000000231103082C110308DB
:103B6800781003080000000000800C0000400600E8
:103B780037000000231103083711030878100308E1
:103B88000080F3FF0000000000E0FFFF38000000A5
:103B98002311030841110308330F03080000000034
:103BA80000007D00004038002A00000023110308AF
:103BB80048110308330F03080000000000007D00CF
:103BC800000041002B000000231103084F110308D7
:103BD8001D0F0308000000000000710200007102C0
:103BE8006000000023110308561103081D0F030885
:103BF80000008FFD0000000000008FFD6200000043
:103C0800231103085D110308430D03083303000063
:103C18000080020000400000820000002311030819
:103C280063110308430D0308000000000060010051
:103C38000020010084000000231103086A11030812
:103C4800731103080040060000C0120000A00A001B
:103C58007D0000002311030877110308731103087E
:103C680000C0080000802500008025007F000000BB
:103C7800231103087F1103087810030800000000CF
:103C880000800C0000800C00610000002311030874
:103C980088110308781003080080F3FF0000000073
:103CA8000080F3FF77000000231103089111030837
:103CB8009A1103080020000000007D0000007D002C
:103CC8009900000023110308A3110308430D0308FA
:103CD8000020000000A00000006000009A00000022
:103CE80023110308AC1103081D0F0308000000008E
:103CF800000071020000710259000000231103083E
:103D0800B3110308430D030800000000000004007D
:103D1800004001005B00000023110308BC110308E8
:103D2800430D0308000000000000040000600000CC
:103D38005C000000C5110308CD110308D811030861
:103D48000000000000800000000000004A000000A1
:103D5800C5110308EF1103081D0F03080000000038
:103D6800004006000000000047000000C5110308DD
:103D7800F9110308430D03080080F3FF00800C00CD
:103D880000000A0048000000C511030802120308D9
:103D9800430D03080080F3FF00800C000040010081
:103DA8007E000000C51103080B120308430D030829
:103DB8000000000000400100000001004900000070
:103DC800C511030815120308781003080000000045
:103DD80000600C000000000080000000C51103080E
:103DE80021120308781003080000000000600C008E
:103DF80000400B004F0000002D1203083812030882
:103E0800EC0D03080080F3FF0000E2040080F3FFDC
:103E1800360000002D120308421203087810030828
:103E28000000000000800C00004006004100000077
:103E38002D1203084F12030858120308000000004F
:103E48000080000000600000420000002D120308FE
:103E580089120308862103080080F3FF0000000090
:103E680000F8FFFF8A0000002D12030890120308D3
:103E7800862103080000000000800C0000080000F4
:103E8800350000002D120308981203088621030844
:103E9800000000000000020000A00000390000003F
:103EA8002D120308A1120308AC1203080000000039
:103EB80000800000000000003E0000002D120308F2
:103EC800DD120308781003080000000000800C00D1
:103ED800004006009B000000EC120308FE120308D5
:103EE800330F03080000000000007D000040290097
:103EF80014000000EC12030804130308330F03082E
:103F08000000000000007D00008043005000000019
:103F1800EC1203080E13030817130308000000002F
:103F2800006000000000000056000000EC120308CA
:103F38004713030850130308000000000020000086
:103F48000000000087000000EC1203086213030859
:103F58006A13030800000000004000000000000091
:103F680079000000EC1203088E130308731103088C
:103F78000080020000802500004006007A00000052
:103F880098130308A0130308A813030800000000EF
:103F980000600000000000003A00000098130308C9
:103FA800CD1303088621030800002CCF0000D4306D
:103FB80000800C002800000098130308D51303089C
:103FC800430D0308002000E000E0FF1F0000000090
:103FD80029000000DC130308EA130308F31303089D
:103FE80000000000008000000040000053000000B6
:103FF800DC13030818140308221403080000000047
:10400800002000000000000058000000DC13030836
:1040180032140308862103080020000000E007008E
:104028000020000081000000DC1303083914030895
:10403800862103080020000000E0FF0000E00700E0
:104048009C000000DC130308431403085014030801
:104058000000000000200000002000009D0000007B
:10406800DC13030869140308731403080040EDFF08
:1040780000C01200000000009F000000DC130308CD
:1040880078140308731403080040EDFF00C0120001
:1040980000000000A0000000DC13030884140308DB
:1040A800781003080080F3FF00800C000000000077
:1040B800A1000000951403089D1403085013030879
:1040C8000000000000200000000000009600010031
:1040D80095140308A9140308E20E03080080F3FFEF
:1040E80000007D00000000009700010095140308FF
:1040F800B3140308781003080000000000800C00C7
:10410800000000009800010000000000BA14030835
:10411800C2140308000000000000000000000000B6
:10412800F707020000000000D0140308D6140308A3
:10413800000000000000000000000000F40702007A
:1041480000000000371503083E15030800000000B2
:104158000000000000000000D0070200000000007E
:104168007B150308000000000000000000000000AC
:1041780000000000F6070200000000008315030895
:104188008A1503080000000000000000000000007D
:10419800FC0702000000000011160308330F030893
:1041A800000000000000000000000000D10702002D
:1041B80000000000151603081D0F0308000000008A
:1041C8000000000000000000D2070200000000000C
:1041D800191603081D0F0308000000000000000066
:1041E80000000000D3070200000000001D160308AD
:1041F8001D0F030800000000000000000000000080
:10420800D407020000000000211603081D0F030850
:10421800000000000000000000000000D5070200B8
:104228000000000027160308330F030800000000F1
:104238000000000000000000D60702000000000097
:104248002B1603081D0F03080000000000000000E3
:1042580000000000D7070200000000003216030823
:104268001D0F03080000000000000000000000000F
:10427800D80702000000000039160308430D0308A0
:10428800000000000000000000000000D907020044
:104298000000000043160308E20E030800000000B7
:1042A8000000000000000000DA0702000000000023
:1042B8004D160308E20E030800000000000000008D
:1042C80000000000DB070200000000006D14030876
:1042D800EC0D0308000000000000000000000000D2
:1042E800DC0702000000000053160308EC0D030869
:1042F800000000000000000000000000F9070200B4
:10430800000000005F160308862103080000000073
:104318000000000000000000F50702000000000097
:10432800CF100308430D0308000000000000000040
:1043380000000000DD070200000000006516030809
:104348006B160308000000000000000000000000D9
:10435800DE070200000000006E160308430D030884
:10436800000000000000000000000000DF0702005D
:104378000000000072160308430D03080000000047
:104388000000000000000000E0070200000000003C
:1043980077160308781003080000000000000000EA
:1043A8000000000003080200000000008316030854
:1043B8007810030800000000000000000000000062
:1043C800E1070200000000008A160308911603089E
:1043D800000000000000000000000000E2070200EA
:1043E80000000000B2160308911603080000000040
:1043F80000000000000000000508020000000000A6
:10440800BB16030873110308000000000000000039
:1044180000000000E307020000000000C1160308C6
:1044280073110308000000000000000000000000F5
:10443800E407020000000000C6160308330F030853
:10444800000000000000000000000000E507020076
:1044580000000000CB1603088621030800000000B6
:104468000000000000000000FD070200000000003E
:10447800D1160308D716030800000000000000004A
:1044880000000000E607020000000000091703080A
:1044980050130308000000000000000000000000A6
:1044A800E707020000000000141703085013030870
:1044B800000000000000000000000000E807020003
:1044C800000000001E170308501303080000000036
:1044D8000000000000000000E907020000000000E2
:1044E8002817030832170308000000000000000026
:1044F80000000000EA070200000000004617030859
:104508005013030800000000000000000000000035
:10451800EB070200000000005217030850130308BD
:10452800000000000000000000000000EC0702008E
:10453800000000005E17030832170308000000009F
:104548000000000000000000ED070200000000006D
:104558006B17030832170308000000000000000072
:1045680000000000EE0702000000000074170308B6
:1045780032170308000000000000000000000000DF
:10458800EF070200000000007E170308501303081D
:10459800000000000000000000000000F00702001A
:1045A80000000000861703085F10030800000000E1
:1045B80000000000000000000608020000000000E3
:1045C8008D170308781003080000000000000000A1
:1045D80000000000F30702000100000000080601C7
:1045E8006819030815000000000000000000000022
:1045F80000000000000000000000000000000000B3
:1046080000000000061F030801000400FFFFFFFF71
:104618007368913D01000000BD3786356F12833AFB
:1046280066778D4117D918413867BC4033338340CA
:104638009A084F4066778D41010000009A9911C190
:1046480014AE473FF4FDD43B0000404095BFD6333D
:104658006F12833900800C000020000000007043B6
:10466800000084C2000070428FC2753F0000803F86
:104678006666F6C06666F64095BFD63395BFD633F4
:10468800ACC527376F12833A17B7D1380000E0421C
:10469800BD37863501000000C3F59441FC2E0308A0
:1046A800FF0000000024F4000024F4000024F400BB
:1046B800C81200200000000000000000B41500200F
:1046C8001C160020841600200000000000000000D6
:1046D80000000000000000000000000000000000D2
:1046E80000000000000000000000000000000000C2
:1046F80000000000000000000000000000000000B2
:1047080000000000000000000000000000000000A1
:104718000000000000000000000000000000000091
:104728000000000000000000000000000000000081
:104738000000000000000000000000000000000071
:104748000000000000000000000000000000000061
:104758000000000000000000000000000000000051
:1047680001000000000000000E33CDAB34126DE6EE
:10477800ECDE05000B000000000000000000000057
:104788000000000000000000000000000000000021
:104798000000000000000000000000000000000011
:1047A8000000000000000000000000000000000001
:1047B80000000000000000000000000000000000F1
:1047C80000000000000000000000000000000000E1
:1047D80000000000000000000000000000000000D1
:1047E80000000000000000000000000000000000C1
:1047F80000000000000000000000000000000000B1
:1048080000000000000000000000000000000000A0
:104818000000000000000000000000000000000090
:104828000000000000000000000000000000000080
:104838000000000000000000000000000000000070
:104848000000000000000000000000000000000060
:104858000000000000000000000000000000000050
:104868000000000000000000000000000000000040
:104878000000000000000000000000000000000030
:104888000000000000000000000000000000000020
:104898000000000000000000000000000000000010
:1048A8000000000000000000000000000000000000
:1048B80000000000000000000000000000000000F0
:1048C80000000000000000000000000000000000E0
:1048D80000000000000000000000000000000000D0
:1048E80000000000000000000000000000000000C0
:1048F80000000000000000000000000000000000B0
:10490800000000000000000000000000000000009F
:10491800000000000000000000000000000000008F
:10492800000000000000000000000000000000007F
:10493800000000000000000000000000000000006F
:10494800000000000000000000000000000000005F
:10495800000000000000000000000000000000004F
:10496800000000000000000000000000000000003F
:10497800000000000000000000000000000000002F
:10498800000000000000000000000000000000001F
:10499800000000000000000000000000000000000F
:1049A80000000000000000000000000000000000FF
:1049B80000000000000000000000000000000000EF
:1049C80000000000000000000000000000000000DF
:1049D80000000000000000000000000000000000CF
:1049E80000000000000000000000000000000000BF
:1049F80000000000000000000000000000000000AF
:104A0800000000000000000000000000000000009E
:104A1800000000000000000000000000000000008E
:104A2800000000000000000000000000000000007E
:104A3800000000000000000000000000000000006E
:104A4800000000000000000000000000000000005E
:104A5800000000000000000000000000000000004E
:104A6800000000000000000000000000000000003E
:104A7800000000000000000000000000000000002E
:104A8800000000000000000000000000000000001E
:104A9800000000000000000000000000000000000E
:104AA80000000000000000000000000000000000FE
:104AB80000000000000000000000000000000000EE
:104AC80000000000000000000000000000000000DE
:104AD80000000000000000000000000000000000CE
:040000050802F8E90C
:00000001FF
